droplet,t,x
1,2.468888888888889,2.1301907455168814
1,2.47,2.2455380404781433
1,2.471111111111111,2.362175560626206
1,2.4722222222222223,2.4804803760136673
1,2.473333333333333,2.5967536182832087
1,2.4744444444444444,2.7149295904953292
1,2.4755555555555557,2.833369726747594
1,2.4766666666666666,2.95141110322704
1,2.477777777777778,3.069864342401318
1,2.4788888888888887,3.188870776286722
1,2.48,3.308673672884904
1,2.4811111111111113,3.4277318615505
1,2.482222222222222,3.5474606998588603
1,2.4833333333333334,3.6683308330248536
1,2.4844444444444442,3.7880596089207064
1,2.4855555555555555,3.910489939165843
1,2.486666666666667,4.03023242448673
1,2.4877777777777776,4.149836056673395
1,2.488888888888889,4.271444303454448
1,2.49,4.390973682354227
1,2.491111111111111,4.515228144637039
1,2.4922222222222223,4.634852503459851
1,2.493333333333333,4.75903666927968
1,2.4944444444444445,4.881559773835025
1,2.4955555555555557,5.004144738413778
1,2.4966666666666666,5.126108790762037
1,2.497777777777778,5.247762422552242
1,2.4988888888888887,5.372545749219222
1,2.5,5.494329659301758
1,2.5011111111111113,5.621935268864402
1,2.502222222222222,5.744121136032733
1,2.5033333333333334,5.865923457308468
1,2.5044444444444443,5.992777470590896
1,2.5055555555555555,6.1177386160572755
1,2.506666666666667,6.241995745723895
1,2.5077777777777777,6.364042061245646
1,2.508888888888889,6.493174950884276
1,2.51,6.615796789916704
1,2.511111111111111,6.739350086610204
1,2.5122222222222224,6.865246489496978
1,2.513333333333333,6.991755648180534
1,2.5144444444444445,7.119050712230824
1,2.5155555555555558,7.241779921618843
1,2.5166666666666666,7.3717932218557225
1,2.517777777777778,7.495431265296417
1,2.5188888888888887,7.621507847246907
1,2.52,7.75080456913729
1,2.5211111111111113,7.874030532094949
1,2.522222222222222,8.001609045096883
1,2.5233333333333334,8.12947657933978
1,2.5244444444444443,8.255783360419098
1,2.5255555555555556,8.38495581669173
1,2.526666666666667,8.513063343687271
1,2.5277777777777777,8.64017012213598
1,2.528888888888889,8.769098495697834
1,2.53,8.89674400260794
1,2.531111111111111,9.028188622396826
1,2.5322222222222224,9.157310971972024
1,2.533333333333333,9.287146850441582
1,2.5344444444444445,9.415613472715641
1,2.5355555555555553,9.543542337328683
1,2.5366666666666666,9.677453439948632
1,2.537777777777778,9.804500016201677
1,2.5388888888888888,9.93600732344435
1,2.54,10.065434057420648
1,2.5411111111111113,10.19613841840793
1,2.542222222222222,10.327150132367644
1,2.5433333333333334,10.457113980063495
1,2.5444444444444443,10.590801961522244
1,2.5455555555555556,10.723877524177547
1,2.546666666666667,10.856235500041425
1,2.5477777777777777,10.98561163488093
1,2.548888888888889,11.117329496460714
1,2.55,11.253248415055463
1,2.551111111111111,11.380395642640503
1,2.5522222222222224,11.514768268031649
1,2.5533333333333332,11.650268795772897
1,2.5544444444444445,11.786296831092052
1,2.5555555555555554,11.917212949994811
1,2.5566666666666666,12.04896493741512
1,2.557777777777778,12.183667506354393
1,2.5588888888888888,12.320480706148981
1,2.56,12.453916565820201
1,2.561111111111111,12.589217478214838
1,2.562222222222222,12.725041597741587
1,2.5633333333333335,12.85800630824289
1,2.5644444444444443,12.995138969939827
1,2.5655555555555556,13.128252018292967
1,2.566666666666667,13.264540898097152
1,2.5677777777777777,13.40109984772734
1,2.568888888888889,13.53706126108959
1,2.57,13.671790266166402
1,2.571111111111111,13.806286780159729
1,2.5722222222222224,13.943749428320654
1,2.5733333333333333,14.08042572481397
1,2.5744444444444445,14.216564245321008
1,2.5755555555555554,14.352566750915392
1,2.5766666666666667,14.49000676617612
1,2.577777777777778,14.627548633265741
1,2.578888888888889,14.764224753488516
1,2.58,14.900044650303105
1,2.581111111111111,15.036307431105397
1,2.582222222222222,15.174285043511329
1,2.5833333333333335,15.308336545818802
1,2.5844444444444443,15.446550436726284
1,2.5855555555555556,15.584013533574936
1,2.5866666666666664,15.72191145548477
1,2.5877777777777777,15.858793095288569
1,2.588888888888889,15.997567894752196
1,2.59,16.135884501302787
1,2.591111111111111,16.274692168108615
1,2.5922222222222224,16.412829268355935
1,2.5933333333333333,16.551297793488576
1,2.5944444444444446,16.68950337024336
1,2.5955555555555554,16.828317779747486
1,2.5966666666666667,16.96679446436728
1,2.597777777777778,17.10560736296866
1,2.598888888888889,17.24421769996463
1,2.6,17.383088713068073
1,2.601111111111111,17.520939573195015
1,2.602222222222222,17.65955339443029
1,2.6033333333333335,17.798308978110416
1,2.6044444444444443,17.93713457962448
1,2.6055555555555556,18.07575660431979
1,2.6066666666666665,18.212899558888793
1,2.6077777777777778,18.350389927337673
1,2.608888888888889,18.48884659213135
1,2.61,18.62819630276
1,2.611111111111111,18.769305295804955
1,2.612222222222222,18.908541732615802
1,2.6133333333333333,19.04734197077455
1,2.6144444444444446,19.18615651774845
1,2.6155555555555554,19.32504540663734
1,2.6166666666666667,19.46396248775513
1,2.617777777777778,19.603726877357445
1,2.618888888888889,19.742870012482356
1,2.62,19.882132954661714
1,2.621111111111111,20.021162691707612
1,2.6222222222222222,20.16004642495781
1,2.6233333333333335,20.29942194334446
1,2.6244444444444444,20.43824871200987
1,2.6255555555555556,20.57730255068096
1,2.6266666666666665,20.71687580774739
1,2.6277777777777778,20.85650979725903
1,2.628888888888889,20.99559856248677
1,2.63,21.13546284317115
1,2.631111111111111,21.275022924729175
1,2.632222222222222,21.415077158875018
1,2.6333333333333333,21.554856017822136
1,2.6344444444444446,21.696005368192935
1,2.6355555555555554,21.83829563628277
1,2.6366666666666667,21.977914754331657
1,2.637777777777778,22.11841686038583
1,2.638888888888889,22.259841906326077
1,2.64,22.40210550514522
1,2.641111111111111,22.54355090667422
1,2.6422222222222222,22.683767860873566
1,2.6433333333333335,22.82312952389821
1,2.6444444444444444,22.962467095755475
1,2.6455555555555557,23.1030096835955
1,2.6466666666666665,23.24260433713235
1,2.647777777777778,23.383319157777816
1,2.648888888888889,23.524802736184743
1,2.65,23.66597751715396
1,2.651111111111111,23.808273833167018
1,2.652222222222222,23.948830005269297
1,2.6533333333333333,24.091880807622854
1,2.6544444444444446,24.23125155757507
1,2.6555555555555554,24.373560058644884
1,2.6566666666666667,24.513490883618566
1,2.6577777777777776,24.653500816779733
1,2.658888888888889,24.79366790207498
1,2.66,24.935843353253638
1,2.661111111111111,25.076249448046667
1,2.6622222222222223,25.218179142887163
1,2.6633333333333336,25.359488514531467
1,2.6644444444444444,25.500515289083697
1,2.6655555555555557,25.641441833478382
1,2.6666666666666665,25.78250942781471
1,2.667777777777778,25.92311246363793
1,2.668888888888889,26.06332466336124
1,2.67,26.204502876051755
2,17.988888888888887,1.5664187556507945
2,17.99,1.6731767708475325
2,17.99111111111111,1.7937030508318355
2,17.99222222222222,1.9088620126988154
2,17.993333333333332,2.029454050546317
2,17.994444444444444,2.1474542832567525
2,17.995555555555555,2.265681083489468
2,17.996666666666666,2.3846348738796155
2,17.997777777777777,2.505653070929486
2,17.99888888888889,2.6250601043826043
2,18.0,2.7478539401598123
2,18.00111111111111,2.86565516194093
2,18.002222222222223,2.988043311248313
2,18.003333333333334,3.11170874740023
2,18.004444444444445,3.2314519781166586
2,18.005555555555556,3.3568237239951655
2,18.006666666666668,3.480675364118096
2,18.00777777777778,3.601906308661195
2,18.00888888888889,3.7255637684428478
2,18.01,3.8481152716254456
2,18.011111111111113,3.974293138233523
2,18.01222222222222,4.0966909086486325
2,18.013333333333332,4.222931625456838
2,18.014444444444443,4.346518112746977
2,18.015555555555554,4.470379665947979
2,18.016666666666666,4.5957338273394805
2,18.017777777777777,4.720842102841895
2,18.01888888888889,4.844965243826841
2,18.02,4.970508997698262
2,18.02111111111111,5.098850895806346
2,18.022222222222222,5.221581999422446
2,18.023333333333333,5.350117387762925
2,18.024444444444445,5.477213040514405
2,18.025555555555556,5.604598954252884
2,18.026666666666667,5.731265269100518
2,18.02777777777778,5.860879969543698
2,18.02888888888889,5.987116586573802
2,18.03,6.113997477730084
2,18.031111111111112,6.2433218051643635
2,18.032222222222224,6.37117602082129
2,18.033333333333335,6.5016118342635565
2,18.034444444444443,6.628133128040429
2,18.035555555555554,6.759873198792187
2,18.036666666666665,6.887476922546026
2,18.037777777777777,7.015860089964325
2,18.038888888888888,7.145360738265735
2,18.04,7.276009360343571
2,18.04111111111111,7.4047891560310415
2,18.04222222222222,7.5348743707997405
2,18.043333333333333,7.665820016861144
2,18.044444444444444,7.797382666868499
2,18.045555555555556,7.928109794714899
2,18.046666666666667,8.059768230963883
2,18.047777777777778,8.187931419992651
2,18.04888888888889,8.323689169237486
2,18.05,8.456468173139141
2,18.051111111111112,8.587058270352347
2,18.052222222222223,8.721598337415314
2,18.053333333333335,8.854759027183222
2,18.054444444444446,8.986889194747423
2,18.055555555555557,9.122917190588538
2,18.05666666666667,9.254563123663093
2,18.057777777777776,9.389198905519015
2,18.058888888888887,9.522912478856961
2,18.06,9.660587813145304
2,18.06111111111111,9.798206403620801
2,18.06222222222222,9.933111026569213
2,18.063333333333333,10.06866728551692
2,18.064444444444444,10.202603090771328
2,18.065555555555555,10.338453984287316
2,18.066666666666666,10.47570969134525
2,18.067777777777778,10.613223040155406
2,18.06888888888889,10.751920959391047
2,18.07,10.885229968780529
2,18.07111111111111,11.022194763993173
2,18.072222222222223,11.1610755231274
2,18.073333333333334,11.297351991598566
2,18.074444444444445,11.434661426198119
2,18.075555555555557,11.569550555139118
2,18.076666666666668,11.70924773918553
2,18.07777777777778,11.84876607230199
2,18.07888888888889,11.98622825298411
2,18.08,12.12579984464556
2,18.08111111111111,12.267130119180841
2,18.08222222222222,12.4046279616414
2,18.083333333333332,12.545160112325386
2,18.084444444444443,12.683173223909503
2,18.085555555555555,12.823592770403117
2,18.086666666666666,12.963089213240231
2,18.087777777777777,13.103061969539095
2,18.08888888888889,13.245225681954073
2,18.09,13.388521370518557
2,18.09111111111111,13.529340645360907
2,18.092222222222222,13.670101617736167
2,18.093333333333334,13.810570266827618
2,18.094444444444445,13.953943596272923
2,18.095555555555556,14.094185459219853
2,18.096666666666668,14.235456793336803
2,18.09777777777778,14.379827934820756
2,18.09888888888889,14.526552099149832
2,18.1,14.66890853294487
2,18.101111111111113,14.809626767921207
2,18.102222222222224,14.951235287905844
2,18.10333333333333,15.095116601280079
2,18.104444444444443,15.238553524872815
2,18.105555555555554,15.385874518152187
2,18.106666666666666,15.527050374367727
2,18.107777777777777,15.669823407069098
2,18.108888888888888,15.814613665665316
2,18.11,15.959285431123735
2,18.11111111111111,16.105419200151044
2,18.112222222222222,16.247465179636276
2,18.113333333333333,16.395929082855787
2,18.114444444444445,16.540352214017407
2,18.115555555555556,16.683559154454397
2,18.116666666666667,16.830166636542746
2,18.11777777777778,16.977607763673188
2,18.11888888888889,17.122660165361786
2,18.12,17.265836698848503
2,18.121111111111112,17.413360966365133
2,18.122222222222224,17.559910714171494
2,18.123333333333335,17.704634433395782
2,18.124444444444446,17.850632829603015
2,18.125555555555554,17.99813636706591
2,18.126666666666665,18.14339451058201
2,18.127777777777776,18.2902048004433
2,18.128888888888888,18.43757051637322
2,18.13,18.583806628111628
2,18.13111111111111,18.7296539077164
2,18.13222222222222,18.876910233199002
2,18.133333333333333,19.023744570543805
2,18.134444444444444,19.17251932588105
2,18.135555555555555,19.318189491355977
2,18.136666666666667,19.465524406201418
2,18.137777777777778,19.61533380799491
2,18.13888888888889,19.759412716151793
2,18.14,19.91060371393316
2,18.141111111111112,20.057159281898972
2,18.142222222222223,20.202280674278786
2,18.143333333333334,20.355540108281076
2,18.144444444444446,20.499249724238503
2,18.145555555555557,20.646952698246373
2,18.14666666666667,20.797217719297237
2,18.147777777777776,20.94249646475984
2,18.148888888888887,21.093252486371235
2,18.15,21.238925570764877
2,18.15111111111111,21.387157367569216
2,18.15222222222222,21.53737356728782
2,18.153333333333332,21.68208516886931
2,18.154444444444444,21.83412614871951
2,18.155555555555555,21.98075801688654
2,18.156666666666666,22.132706780375013
2,18.157777777777778,22.279822165638123
2,18.15888888888889,22.42772777611532
2,18.16,22.579639826208172
2,18.16111111111111,22.724615271811327
2,18.162222222222223,22.87794014960208
2,18.163333333333334,23.02394585371896
2,18.164444444444445,23.177065502545315
2,18.165555555555557,23.323366536839806
2,18.166666666666668,23.476811326967816
2,18.16777777777778,23.623603192920612
2,18.16888888888889,23.774111013750723
2,18.17,23.923198299479186
2,18.17111111111111,24.071938865196188
2,18.17222222222222,24.223035808969545
2,18.173333333333332,24.374289504805123
2,18.174444444444443,24.523307265771205
2,18.175555555555555,24.67143666039998
2,18.176666666666666,24.822813726332672
2,18.177777777777777,24.972268186115276
2,18.17888888888889,25.123605963630617
2,18.18,25.27311562520078
2,18.18111111111111,25.42438271604938
2,18.182222222222222,25.57381058951826
2,18.183333333333334,25.725368690599584
2,18.184444444444445,25.87481708515294
2,18.185555555555556,26.026274331103412
2,18.186666666666667,26.175433520404493
3,33.492222222222225,1.509743949432015
3,33.49333333333333,1.5980140220552244
3,33.49444444444445,1.7158408581087081
3,33.495555555555555,1.8356483875787248
3,33.49666666666667,1.953788497209958
3,33.49777777777778,2.074233856903576
3,33.49888888888889,2.1929715834985974
3,33.5,2.3129074946537718
3,33.50111111111111,2.432366586709581
3,33.50222222222222,2.553730317619206
3,33.50333333333333,2.672522899345896
3,33.504444444444445,2.79588542420342
3,33.50555555555555,2.91756091211763
3,33.50666666666667,3.038136339265473
3,33.507777777777775,3.163144284952375
3,33.50888888888889,3.28567236129259
3,33.51,3.4117423051911127
3,33.51111111111111,3.53448639305213
3,33.51222222222222,3.6585008475660454
3,33.513333333333335,3.783637794768005
3,33.51444444444444,3.906878500763222
3,33.51555555555556,4.032653362720201
3,33.516666666666666,4.158044655263284
3,33.51777777777778,4.2819199349695785
3,33.51888888888889,4.410898118820466
3,33.52,4.533973001115846
3,33.52111111111111,4.659231672040592
3,33.522222222222226,4.789246437422552
3,33.52333333333333,4.913244738792865
3,33.52444444444444,5.04088054067645
3,33.525555555555556,5.1694747870294036
3,33.526666666666664,5.298433506884845
3,33.52777777777778,5.4232226176921765
3,33.528888888888886,5.554386191460055
3,33.53,5.683450696598519
3,33.53111111111111,5.809743618463377
3,33.532222222222224,5.9397645014205755
3,33.53333333333333,6.0722095448587305
3,33.534444444444446,6.197848332723614
3,33.535555555555554,6.330747556239018
3,33.53666666666667,6.459218265380119
3,33.53777777777778,6.588629376244189
3,33.53888888888889,6.719795026926697
3,33.54,6.847764679041064
3,33.541111111111114,6.981508170965665
3,33.54222222222222,7.109871329285924
3,33.54333333333334,7.240053489021177
3,33.544444444444444,7.372235493890889
3,33.54555555555555,7.503283721134244
3,33.54666666666667,7.635340174091374
3,33.547777777777775,7.764574061987928
3,33.54888888888889,7.896029293329277
3,33.55,8.029301964177918
3,33.55111111111111,8.16258372827653
3,33.55222222222222,8.297879815082478
3,33.553333333333335,8.432374923801923
3,33.55444444444444,8.565064927285771
3,33.55555555555556,8.698924231596276
3,33.556666666666665,8.83341763300544
3,33.55777777777778,8.970033838004454
3,33.55888888888889,9.104384845165086
3,33.56,9.240460149865719
3,33.56111111111111,9.37847914539835
3,33.562222222222225,9.51702937369509
3,33.56333333333333,9.652119529026212
3,33.56444444444445,9.784105840080137
3,33.565555555555555,9.920912984160681
3,33.56666666666667,10.059567168345302
3,33.56777777777778,10.196886398709312
3,33.568888888888885,10.336424608450688
3,33.57,10.475502985666633
3,33.57111111111111,10.614416806480747
3,33.57222222222222,10.753452107785629
3,33.57333333333333,10.888006361014476
3,33.574444444444445,11.026141262358596
3,33.57555555555555,11.165601177703573
3,33.57666666666667,11.306355886220587
3,33.577777777777776,11.446071023680084
3,33.57888888888889,11.586779688913177
3,33.58,11.726160398124222
3,33.58111111111111,11.867310658025902
3,33.58222222222222,12.00613611352225
3,33.583333333333336,12.145984954921627
3,33.58444444444444,12.287138479922294
3,33.58555555555556,12.431203187515859
3,33.586666666666666,12.570290317254496
3,33.58777777777778,12.712725552205752
3,33.58888888888889,12.853291078948327
3,33.59,12.99559992822725
3,33.59111111111111,13.138245851552057
3,33.59222222222222,13.279920819063406
3,33.593333333333334,13.42226487784733
3,33.59444444444444,13.568468653245594
3,33.595555555555556,13.710196792942483
3,33.596666666666664,13.852576214042841
3,33.59777777777778,13.996123317435385
3,33.59888888888889,14.138462169490353
3,33.6,14.284923527826006
3,33.60111111111111,14.430364149679395
3,33.602222222222224,14.57559770513959
3,33.60333333333333,14.71778691207171
3,33.60444444444445,14.861669787908873
3,33.605555555555554,15.008173012704857
3,33.60666666666667,15.153527176818159
3,33.60777777777778,15.298309334942806
3,33.60888888888889,15.441983168875518
3,33.61,15.589775912782699
3,33.611111111111114,15.73599692061227
3,33.61222222222222,15.87965999833771
3,33.61333333333334,16.028589435004232
3,33.614444444444445,16.174667843969043
3,33.61555555555555,16.32150237716794
3,33.61666666666667,16.46892290732551
3,33.617777777777775,16.614158778473396
3,33.61888888888889,16.762762773570838
3,33.62,16.91020962320665
3,33.62111111111111,17.057075236743422
3,33.62222222222222,17.20845317181565
3,33.623333333333335,17.351908640952942
3,33.62444444444444,17.499761408738724
3,33.62555555555556,17.6504424150265
3,33.626666666666665,17.797421535193905
3,33.62777777777778,17.944630216698666
3,33.62888888888889,18.09491136312637
3,33.63,18.240043019240506
3,33.63111111111111,18.388304947912175
3,33.632222222222225,18.538926924459407
3,33.63333333333333,18.68866469571667
3,33.63444444444445,18.834465690704487
3,33.635555555555555,18.983823219704583
3,33.63666666666666,19.132479062136937
3,33.63777777777778,19.283124715550215
3,33.638888888888886,19.43205098630789
3,33.64,19.5809462851982
3,33.64111111111111,19.730509447261287
3,33.64222222222222,19.877456968324317
3,33.64333333333333,20.03024476248749
3,33.644444444444446,20.17728406229957
3,33.64555555555555,20.330485738941587
3,33.64666666666667,20.477096565401485
3,33.647777777777776,20.630768331945173
3,33.64888888888889,20.77747659947448
3,33.65,20.928627878442345
3,33.65111111111111,21.078378603374727
3,33.65222222222222,21.230947520036885
3,33.653333333333336,21.379272425050008
3,33.654444444444444,21.532096393834223
3,33.65555555555556,21.680105585526984
3,33.656666666666666,21.833105313926612
3,33.65777777777778,21.981018654034646
3,33.65888888888889,22.135010653033834
3,33.66,22.283706839357038
3,33.66111111111111,22.43704863437738
3,33.66222222222222,22.58577826910687
3,33.663333333333334,22.739556398376994
3,33.66444444444444,22.890613217722642
3,33.66555555555556,23.043432042049098
3,33.666666666666664,23.195705026500427
3,33.66777777777778,23.346709384078522
3,33.66888888888889,23.49952110292641
3,33.67,23.649259571260014
3,33.67111111111111,23.80288313863753
3,33.672222222222224,23.95371649624773
3,33.67333333333333,24.106805044917095
3,33.67444444444445,24.257102259192557
3,33.675555555555555,24.409862622502224
3,33.67666666666667,24.56357729552766
3,33.67777777777778,24.71542928773169
3,33.67888888888889,24.867766218593417
3,33.68,25.018982060710854
3,33.681111111111115,25.171664332199448
3,33.68222222222222,25.326192687232435
3,33.68333333333333,25.477415781070125
3,33.684444444444445,25.629359435064163
3,33.68555555555555,25.78307393767525
3,33.68666666666667,25.93617181456032
3,33.687777777777775,26.08918241254193
4,49.07888888888889,1.5178678740133946
4,49.08,1.6083025586157702
4,49.08111111111111,1.7256536286169657
4,49.08222222222222,1.8464028356900268
4,49.083333333333336,1.9693451325171056
4,49.08444444444444,2.0848043098895546
4,49.08555555555556,2.2057616095552093
4,49.086666666666666,2.3263294857588246
4,49.08777777777778,2.447208656415815
4,49.08888888888889,2.5695435358476226
4,49.09,2.6888649945384335
4,49.09111111111111,2.8108093648347885
4,49.09222222222222,2.93101650815809
4,49.093333333333334,3.0557794454593057
4,49.09444444444444,3.1753227884641113
4,49.095555555555556,3.3012275916815423
4,49.096666666666664,3.4215030067260814
4,49.09777777777778,3.5279895229107128
4,49.09888888888889,3.674406510561889
4,49.1,3.7998932275973067
4,49.10111111111111,3.924877570899407
4,49.102222222222224,4.050965446278188
4,49.10333333333333,4.176486839028242
4,49.10444444444445,4.301537627205155
4,49.105555555555554,4.426943648299703
4,49.10666666666667,4.554522106342202
4,49.10777777777778,4.679808802618645
4,49.10888888888889,4.809674622107047
4,49.11,4.932608339892054
4,49.111111111111114,5.062280337325463
4,49.11222222222222,5.191245267871398
4,49.11333333333334,5.319117246138917
4,49.114444444444445,5.444487875861057
4,49.11555555555555,5.576025040066401
4,49.11666666666667,5.7042972520866915
4,49.117777777777775,5.831592580480235
4,49.11888888888889,5.962294073997574
4,49.12,6.094206465614103
4,49.12111111111111,6.2219870831096555
4,49.12222222222222,6.3520176031375
4,49.123333333333335,6.482774331241179
4,49.12444444444444,6.610955744231305
4,49.12555555555556,6.743350782470817
4,49.126666666666665,6.871481691886587
4,49.12777777777778,7.00452739127859
4,49.12888888888889,7.132454642190548
4,49.13,7.263338117936975
4,49.13111111111111,7.396285371057372
4,49.132222222222225,7.527322261066702
4,49.13333333333333,7.6609024640526595
4,49.13444444444445,7.79245450084583
4,49.135555555555555,7.926517120066546
4,49.13666666666666,8.056286772140473
4,49.13777777777778,8.190110860133476
4,49.138888888888886,8.324856198724373
4,49.14,8.460577234435315
4,49.14111111111111,8.595649169951717
4,49.14222222222222,8.731326308595477
4,49.14333333333333,8.864380070501147
4,49.144444444444446,9.002895591867876
4,49.14555555555555,9.138444010354233
4,49.14666666666667,9.274722938581174
4,49.147777777777776,9.40967335111683
4,49.14888888888889,9.546015379327189
4,49.15,9.68343170051772
4,49.15111111111111,9.8210678665396
4,49.15222222222222,9.959988537521681
4,49.153333333333336,10.098036262443697
4,49.154444444444444,10.236741483366705
4,49.15555555555556,10.377525129570117
4,49.156666666666666,10.514567621344893
4,49.15777777777778,10.652889263212575
4,49.15888888888889,10.792171915458907
4,49.16,10.931107105626971
4,49.16111111111111,11.07020765415547
4,49.16222222222222,11.209747922488823
4,49.163333333333334,11.350666769170626
4,49.16444444444444,11.490552138584448
4,49.16555555555556,11.630303313134794
4,49.166666666666664,11.77115128269858
4,49.16777777777778,11.910555597054707
4,49.16888888888889,12.051846075983619
4,49.17,12.191668885390008
4,49.17111111111111,12.33422377270197
4,49.172222222222224,12.476316026163602
4,49.17333333333333,12.617197291055586
4,49.17444444444445,12.76079113726061
4,49.175555555555555,12.902517917441939
4,49.17666666666667,13.045631622059922
4,49.17777777777778,13.187119736890764
4,49.17888888888889,13.32960506731161
4,49.18,13.476046809638085
4,49.181111111111115,13.618915141451083
4,49.18222222222222,13.76199116861188
4,49.18333333333333,13.905090876407192
4,49.184444444444445,14.049456011924287
4,49.18555555555555,14.19393855247871
4,49.18666666666667,14.339928715553079
4,49.187777777777775,14.48522180507804
4,49.18888888888889,14.628120401320716
4,49.19,14.77256581082566
4,49.19111111111111,14.91899925303562
4,49.19222222222222,15.06640206852838
4,49.193333333333335,15.209275785097047
4,49.19444444444444,15.357616312151956
4,49.19555555555556,15.503898362216598
4,49.196666666666665,15.647578584602257
4,49.19777777777778,15.796690468447096
4,49.19888888888889,15.942761342225085
4,49.2,16.089140589621298
4,49.20111111111111,16.237534814227256
4,49.202222222222225,16.383583180267898
4,49.20333333333333,16.53277717212866
4,49.20444444444445,16.679410807229267
4,49.205555555555556,16.8287855896137
4,49.20666666666666,16.977384444342327
4,49.20777777777778,17.12245058151048
4,49.208888888888886,17.27077132722753
4,49.21,17.420078329773613
4,49.21111111111111,17.567388294916746
4,49.21222222222222,17.715196388218622
4,49.21333333333333,17.866436940646263
4,49.214444444444446,18.01227185876512
4,49.215555555555554,18.16202762478886
4,49.21666666666667,18.30933720189297
4,49.217777777777776,18.45969275377282
4,49.21888888888889,18.6087914670304
4,49.22,18.759053678416144
4,49.221111111111114,18.905592692860118
4,49.22222222222222,19.057774730680546
4,49.223333333333336,19.204984405928425
4,49.224444444444444,19.358114100876225
4,49.22555555555556,19.504738139065562
4,49.22666666666667,19.65819230490032
4,49.227777777777774,19.80501232335986
4,49.22888888888889,19.95872011090542
4,49.23,20.105975763127162
4,49.23111111111111,20.259420040121228
4,49.23222222222222,20.406525061027292
4,49.233333333333334,20.558073537499368
4,49.23444444444444,20.708069133635327
4,49.23555555555556,20.861565080564667
4,49.236666666666665,21.009054326597006
4,49.23777777777778,21.162459350718155
4,49.23888888888889,21.310615411463186
4,49.24,21.46384332025919
4,49.24111111111111,21.61248829453809
4,49.242222222222225,21.766033366923555
4,49.24333333333333,21.913867663085185
4,49.24444444444445,22.067988713612692
4,49.245555555555555,22.219331636844476
4,49.24666666666667,22.37247967876
4,49.24777777777778,22.525724001267523
4,49.24888888888889,22.675807199110277
4,49.25,22.83018858928956
4,49.25111111111111,22.978273405137752
4,49.25222222222222,23.13248955086854
4,49.25333333333333,23.284351570676133
4,49.254444444444445,23.43683893676378
4,49.25555555555555,23.59039113476932
4,49.25666666666667,23.74152569854568
4,49.257777777777775,23.893642260867907
4,49.25888888888889,24.04719344123506
4,49.26,24.198773595213684
4,49.26111111111111,24.353515172849015
4,49.26222222222222,24.504737027568222
4,49.263333333333335,24.657310897362755
4,49.26444444444444,24.810199059407033
4,49.26555555555556,24.963013768226382
4,49.266666666666666,25.116729490682157
4,49.26777777777778,25.269152719798196
4,49.26888888888889,25.42135316473662
4,49.27,25.577722128814287
4,49.27111111111111,25.728334085035605
4,49.272222222222226,25.882272768441876
4,49.27333333333333,26.036248154995587
4,49.27444444444444,26.18889556883293
5,64.56777777777778,1.5410207488286427
5,64.56888888888889,1.6409868960340632
5,64.57,1.760899244670947
5,64.57111111111111,1.8772001281354627
5,64.57222222222222,1.9994191508425985
5,64.57333333333334,2.120449578948915
5,64.57444444444444,2.238757239219342
5,64.57555555555555,2.3579587619540834
5,64.57666666666667,2.4781246104611374
5,64.57777777777778,2.600604160390872
5,64.57888888888888,2.722655890756755
5,64.58,2.842846495252958
5,64.58111111111111,2.968288101429272
5,64.58222222222223,3.0874353269191155
5,64.58333333333333,3.211885931069958
5,64.58444444444444,3.337234979657579
5,64.58555555555556,3.454470054755054
5,64.58666666666667,3.5625056811080427
5,64.58777777777777,3.7108574952252065
5,64.58888888888889,3.833529638766058
5,64.59,3.960120018550502
5,64.5911111111111,4.085203060759654
5,64.59222222222222,4.209009855960685
5,64.59333333333333,4.33478487133913
5,64.59444444444445,4.463423446521722
5,64.59555555555555,4.588687497451345
5,64.59666666666666,4.718828386653774
5,64.59777777777778,4.842116625544133
5,64.5988888888889,4.972491074394815
5,64.6,5.098734984469324
5,64.60111111111111,5.2255112131942445
5,64.60222222222222,5.35309046407117
5,64.60333333333334,5.484451209986219
5,64.60444444444444,5.613701897345322
5,64.60555555555555,5.742245873278617
5,64.60666666666667,5.870885996028056
5,64.60777777777778,6.0039851641414135
5,64.60888888888888,6.13177747733266
5,64.61,6.262303604509875
5,64.61111111111111,6.392211043566751
5,64.61222222222223,6.522457480790814
5,64.61333333333333,6.651376084615992
5,64.61444444444444,6.781435774464416
5,64.61555555555556,6.913398200730415
5,64.61666666666666,7.043432737697841
5,64.61777777777777,7.17270462776429
5,64.61888888888889,7.306558224030924
5,64.62,7.439080866617752
5,64.6211111111111,7.57064189264378
5,64.62222222222222,7.704829332584029
5,64.62333333333333,7.833765349233302
5,64.62444444444445,7.96886455037393
5,64.62555555555555,8.100119457853953
5,64.62666666666667,8.233703279486448
5,64.62777777777778,8.36993763062713
5,64.6288888888889,8.506378042988336
5,64.63,8.64296362609209
5,64.63111111111111,8.775473111453762
5,64.63222222222223,8.91208453638402
5,64.63333333333334,9.049065097373244
5,64.63444444444444,9.183464753115237
5,64.63555555555556,9.317967844496325
5,64.63666666666667,9.455740363744175
5,64.63777777777777,9.59272792968089
5,64.63888888888889,9.73047911990997
5,64.64,9.868198084865613
5,64.64111111111112,10.008621079582772
5,64.64222222222222,10.14751006420466
5,64.64333333333333,10.284205692637626
5,64.64444444444445,10.424645478166537
5,64.64555555555556,10.563600396877774
5,64.64666666666666,10.703097778849871
5,64.64777777777778,10.8387674013051
5,64.64888888888889,10.979012839455201
5,64.65,11.118516877483856
5,64.6511111111111,11.257174278271513
5,64.65222222222222,11.399528422806261
5,64.65333333333334,11.539730441197662
5,64.65444444444445,11.679943297307815
5,64.65555555555555,11.821165502280918
5,64.65666666666667,11.96053936948191
5,64.65777777777778,12.101764254768408
5,64.6588888888889,12.245847198140817
5,64.66,12.38813126374813
5,64.66111111111111,12.528134966047944
5,64.66222222222223,12.669312283391625
5,64.66333333333333,12.812527534516311
5,64.66444444444444,12.954996490892269
5,64.66555555555556,13.097668566984279
5,64.66666666666667,13.24053785497022
5,64.66777777777777,13.384735339785607
5,64.66888888888889,13.528821200356903
5,64.67,13.673944826747796
5,64.67111111111112,13.81764535108524
5,64.67222222222222,13.96064942577197
5,64.67333333333333,14.10473101409383
5,64.67444444444445,14.252684462205432
5,64.67555555555556,14.395303481176176
5,64.67666666666666,14.538826485953903
5,64.67777777777778,14.685782925326345
5,64.67888888888889,14.832418951103334
5,64.68,14.977360905094269
5,64.68111111111111,15.122427476816647
5,64.68222222222222,15.271314383096318
5,64.68333333333334,15.415174460778491
5,64.68444444444444,15.559433766772003
5,64.68555555555555,15.70973986278884
5,64.68666666666667,15.853695096987137
5,64.68777777777778,16.003220438496562
5,64.68888888888888,16.15014729003611
5,64.69,16.29660484235055
5,64.69111111111111,16.445804737622367
5,64.69222222222223,16.592591793001983
5,64.69333333333333,16.74282699836144
5,64.69444444444444,16.88883232769447
5,64.69555555555556,17.03605843369716
5,64.69666666666667,17.18657110544198
5,64.69777777777777,17.334193479168782
5,64.69888888888889,17.481494495254044
5,64.7,17.630576655594336
5,64.70111111111112,17.777852066570425
5,64.70222222222222,17.928167752162373
5,64.70333333333333,18.076793549441785
5,64.70444444444445,18.225138975119574
5,64.70555555555555,18.375457561089117
5,64.70666666666666,18.524023881637806
5,64.70777777777778,18.672127525615334
5,64.7088888888889,18.822655609920442
5,64.71,18.972685895826665
5,64.71111111111111,19.12232702414276
5,64.71222222222222,19.27177125411081
5,64.71333333333334,19.422625135996565
5,64.71444444444444,19.572570130812096
5,64.71555555555555,19.72341387929818
5,64.71666666666667,19.87293781412125
5,64.71777777777778,20.02447928530456
5,64.71888888888888,20.173680880080934
5,64.72,20.32557678644998
5,64.72111111111111,20.4744176755996
5,64.72222222222223,20.626699180631505
5,64.72333333333333,20.7758496823957
5,64.72444444444444,20.92762736879409
5,64.72555555555556,21.07883790626776
5,64.72666666666667,21.22918404551536
5,64.72777777777777,21.379127684002633
5,64.72888888888889,21.53338557998719
5,64.73,21.681485437407357
5,64.7311111111111,21.835528644063046
5,64.73222222222222,21.986399841214357
5,64.73333333333333,22.138985563289506
5,64.73444444444445,22.292922980921237
5,64.73555555555555,22.44272265107749
5,64.73666666666666,22.597852378188403
5,64.73777777777778,22.746629834658698
5,64.7388888888889,22.90107471159058
5,64.74,23.053277801955048
5,64.74111111111111,23.205217796412764
5,64.74222222222222,23.361577428187008
5,64.74333333333334,23.50993907653659
5,64.74444444444444,23.664557287144063
5,64.74555555555555,23.816026082384628
5,64.74666666666667,23.968977449077176
5,64.74777777777778,24.12296842152672
5,64.74888888888889,24.27392170108178
5,64.75,24.42859670103722
5,64.75111111111111,24.58332461194582
5,64.75222222222222,24.733598158418722
5,64.75333333333333,24.887867406747414
5,64.75444444444445,25.041601156780857
5,64.75555555555556,25.19424959711959
5,64.75666666666666,25.349290323173758
5,64.75777777777778,25.502062960231193
5,64.75888888888889,25.655868562036606
5,64.76,25.81050708318129
5,64.7611111111111,25.962238451656678
5,64.76222222222222,26.11629955751482
6,80.18111111111111,1.4925138374840865
6,80.18222222222222,1.5787607313456782
6,80.18333333333334,1.6924961991327154
6,80.18444444444444,1.81076959079882
6,80.18555555555555,1.9287317839583238
6,80.18666666666667,2.050219371987638
6,80.18777777777778,2.1702093404707186
6,80.18888888888888,2.2880821019637945
6,80.19,2.405036127846734
6,80.19111111111111,2.5275291632344796
6,80.19222222222223,2.646517999116889
6,80.19333333333333,2.7700916093112435
6,80.19444444444444,2.890700298990921
6,80.19555555555556,3.012551083751487
6,80.19666666666667,3.1331259069700117
6,80.19777777777777,3.257383458978597
6,80.19888888888889,3.381852564732448
6,80.2,3.5021086559353583
6,80.20111111111112,3.6277715018917536
6,80.20222222222222,3.7523968679424655
6,80.20333333333333,3.874965396001415
6,80.20444444444445,4.003544290805051
6,80.20555555555555,4.129757936782537
6,80.20666666666666,4.252892158368793
6,80.20777777777778,4.377832930185575
6,80.2088888888889,4.502095317562856
6,80.21,4.63034236029519
6,80.21111111111111,4.755830643216802
6,80.21222222222222,4.882574769605285
6,80.21333333333334,5.007620967071796
6,80.21444444444444,5.136467900914649
6,80.21555555555555,5.263748233198008
6,80.21666666666667,5.390778631519372
6,80.21777777777778,5.516702567562891
6,80.21888888888888,5.64767924575487
6,80.22,5.77676628489163
6,80.22111111111111,5.904038719576169
6,80.22222222222223,6.034202966571837
6,80.22333333333333,6.162674852242282
6,80.22444444444444,6.294141659113834
6,80.22555555555556,6.420564184841679
6,80.22666666666667,6.550621371393031
6,80.22777777777777,6.679890296168361
6,80.22888888888889,6.810685447722964
6,80.23,6.941482829598631
6,80.2311111111111,7.070786616110787
6,80.23222222222222,7.199318564359446
6,80.23333333333333,7.328961704857552
6,80.23444444444445,7.463151837720215
6,80.23555555555555,7.5945653210817685
6,80.23666666666666,7.726728222332256
6,80.23777777777778,7.853814990952906
6,80.2388888888889,7.9878613701831185
6,80.24,8.120904829569124
6,80.24111111111111,8.254575437041641
6,80.24222222222222,8.390635882735555
6,80.24333333333334,8.520917491666681
6,80.24444444444444,8.657760049498126
6,80.24555555555555,8.792957451727856
6,80.24666666666667,8.925467296469636
6,80.24777777777778,9.086909459555747
6,80.24888888888889,9.20138170597159
6,80.25,9.330336946171403
6,80.25111111111111,9.465820940185742
6,80.25222222222222,9.603761279705948
6,80.25333333333333,9.743201182177541
6,80.25444444444445,9.88105099663474
6,80.25555555555556,10.017476072150785
6,80.25666666666666,10.153897769685177
6,80.25777777777778,10.285923228883659
6,80.25888888888889,10.422730614008422
6,80.26,10.559662594398093
6,80.2611111111111,10.695180825934413
6,80.26222222222222,10.831194080651976
6,80.26333333333334,10.969717166673362
6,80.26444444444445,11.105968007817804
6,80.26555555555555,11.245332600892315
6,80.26666666666667,11.38339091483993
6,80.26777777777778,11.520581803784422
6,80.2688888888889,11.659174502654638
6,80.27,11.800728320759623
6,80.27111111111111,11.940654907775354
6,80.27222222222223,12.080864535336746
6,80.27333333333333,12.219844120181957
6,80.27444444444444,12.360103146011358
6,80.27555555555556,12.499438759570074
6,80.27666666666667,12.639054924860078
6,80.27777777777777,12.775539485435129
6,80.27888888888889,12.91483892797049
6,80.28,13.053241141991357
6,80.28111111111112,13.191430613305611
6,80.28222222222222,13.331638289067092
6,80.28333333333333,13.47112841432295
6,80.28444444444445,13.605683321722577
6,80.28555555555556,13.743527716247042
6,80.28666666666666,13.877731085337011
6,80.28777777777778,14.016242544883672
6,80.28888888888889,14.15330051385131
6,80.29,14.29099573352069
6,80.2911111111111,14.428541782222755
6,80.29222222222222,14.56759279901021
6,80.29333333333334,14.706018597934422
6,80.29444444444445,14.84501725104913
6,80.29555555555555,14.983885964260468
6,80.29666666666667,15.122579912199472
6,80.29777777777778,15.26070326562098
6,80.29888888888888,15.398835627156423
6,80.3,15.537076392466654
6,80.30111111111111,15.676076494620863
6,80.30222222222223,15.816422189441022
6,80.30333333333333,15.95470996197274
6,80.30444444444444,16.093578496947245
6,80.30555555555556,16.23249506903353
6,80.30666666666667,16.37138395792242
6,80.30777777777777,16.507833327612442
6,80.30888888888889,16.647562926973805
6,80.31,16.785588833029248
6,80.31111111111112,16.92511001698095
6,80.31222222222222,17.063998905869838
6,80.31333333333333,17.20283178972619
6,80.31444444444445,17.34115952124125
6,80.31555555555556,17.479726162636677
6,80.31666666666666,17.618552965592947
6,80.31777777777778,17.75659435707737
6,80.31888888888889,17.895289955164355
6,80.32,18.034055175747135
6,80.32111111111111,18.1718774412853
6,80.32222222222222,18.310622324753485
6,80.32333333333334,18.448530382891935
6,80.32444444444444,18.58702232014433
6,80.32555555555555,18.723617674588496
6,80.32666666666667,18.861963207212003
6,80.32777777777778,19.0005124468835
6,80.32888888888888,19.139322995984607
6,80.33,19.278173633279334
6,80.33111111111111,19.417062522168223
6,80.33222222222223,19.55552987106385
6,80.33333333333333,19.694381828327213
6,80.33444444444444,19.832234969237245
6,80.33555555555556,19.970808055458907
6,80.33666666666667,20.109487042295637
6,80.33777777777777,20.247337169228466
6,80.33888888888889,20.385041235657297
6,80.34,20.523697207478225
6,80.3411111111111,20.66235231562261
6,80.34222222222222,20.799493476906004
6,80.34333333333333,20.937648240932322
6,80.34444444444445,21.076071131941713
6,80.34555555555555,21.214375189664267
6,80.34666666666666,21.351980558150245
6,80.34777777777778,21.489985512529856
6,80.3488888888889,21.628909565227296
6,80.35,21.767529731624474
6,80.35111111111111,21.90603072527937
6,80.35222222222222,22.042558211220182
6,80.35333333333334,22.177454951014138
6,80.35444444444444,22.316050555837737
6,80.35555555555555,22.4533576765238
6,80.35666666666667,22.5918324023976
6,80.35777777777778,22.730181936322285
6,80.35888888888888,22.868713875579893
6,80.36,23.00758490625842
6,80.36111111111111,23.146052739173758
6,80.36222222222223,23.28449260570675
6,80.36333333333333,23.422755277784113
6,80.36444444444444,23.566325685775706
6,80.36555555555556,23.713434650222805
6,80.36666666666666,23.853408890346888
6,80.36777777777777,23.993582649630728
6,80.36888888888889,24.135192316321163
6,80.37,24.274075498673998
6,80.3711111111111,24.413753056978038
6,80.37222222222222,24.55286799324409
6,80.37333333333333,24.68957119653874
6,80.37444444444445,24.830088183421513
6,80.37555555555555,24.974103680823582
6,80.37666666666667,25.11353090700457
6,80.37777777777778,25.255024525086252
6,80.3788888888889,25.39540626269021
6,80.38,25.537426488369256
6,80.38111111111111,25.680752610237466
6,80.38222222222223,25.822979410457425
6,80.38333333333334,25.965350221996925
6,80.38444444444444,26.107719507018036
7,95.60555555555555,1.5227290247185652
7,95.60666666666667,1.612405274774878
7,95.60777777777778,1.7324018851445717
7,95.60888888888888,1.8550785778816823
7,95.61,1.9741564518821837
7,95.61111111111111,2.0931324256882275
7,95.61222222222223,2.2144791964200703
7,95.61333333333333,2.336044167528458
7,95.61444444444444,2.4565280779145575
7,95.61555555555556,2.578701964608463
7,95.61666666666666,2.7006517270648445
7,95.61777777777777,2.8227256037162274
7,95.61888888888889,2.948140661217827
7,95.62,3.0683185133174
7,95.6211111111111,3.1933951410708046
7,95.62222222222222,3.32003483612543
7,95.62333333333333,3.4428926448309185
7,95.62444444444445,3.570984229744185
7,95.62555555555555,3.694445162624748
7,95.62666666666667,3.8223378138816853
7,95.62777777777778,3.9483606659176713
7,95.6288888888889,4.074925969894743
7,95.63,4.201244230373719
7,95.63111111111111,4.326638206044203
7,95.63222222222223,4.4553176022406396
7,95.63333333333334,4.582220498816468
7,95.63444444444444,4.709861391146625
7,95.63555555555556,4.839643643369063
7,95.63666666666667,4.968598486360327
7,95.63777777777777,5.096502570535859
7,95.63888888888889,5.224051535035506
7,95.64,5.355476231312351
7,95.64111111111112,5.485400422352176
7,95.64222222222222,5.615811809616633
7,95.64333333333333,5.745591544440564
7,95.64444444444445,5.874309913246236
7,95.64555555555556,6.0080558226679175
7,95.64666666666666,6.138519779126247
7,95.64777777777778,6.268878325230925
7,95.64888888888889,6.399334032541852
7,95.65,6.53220921451837
7,95.6511111111111,6.665013511024741
7,95.65222222222222,6.795497332865057
7,95.65333333333334,6.926316964455716
7,95.65444444444445,7.0580367031813385
7,95.65555555555555,7.190262984221262
7,95.65666666666667,7.324261014403608
7,95.65777777777778,7.456268059850613
7,95.6588888888889,7.591664194107321
7,95.66,7.725156078593813
7,95.66111111111111,7.860341841610759
7,95.66222222222223,7.994120471047235
7,95.66333333333333,8.126388349415972
7,95.66444444444444,8.261745233252585
7,95.66555555555556,8.397598016891546
7,95.66666666666667,8.533959363385573
7,95.66777777777777,8.671040487079843
7,95.66888888888889,8.8089740836197
7,95.67,8.946892842966626
7,95.67111111111112,9.082864263141767
7,95.67222222222222,9.219074921939047
7,95.67333333333333,9.357352067231552
7,95.67444444444445,9.495459130985852
7,95.67555555555556,9.634694020019984
7,95.67666666666666,9.773720077645299
7,95.67777777777778,9.913260414781798
7,95.67888888888889,10.051792285188613
7,95.68,10.192481832254325
7,95.68111111111111,10.33354103040596
7,95.68222222222222,10.47252836925416
7,95.68333333333334,10.60994292909378
7,95.68444444444444,10.753063505521055
7,95.68555555555555,10.890636598523404
7,95.68666666666667,11.031952367510755
7,95.68777777777778,11.173684256556056
7,95.68888888888888,11.315250844210196
7,95.69,11.457293939596056
7,95.69111111111111,11.597024364614859
7,95.69222222222223,11.741048763176336
7,95.69333333333333,11.88412988932426
7,95.69444444444444,12.02557018004513
7,95.69555555555556,12.167466725927959
7,95.69666666666667,12.311366609645534
7,95.69777777777777,12.454535452299398
7,95.69888888888889,12.597350577535208
7,95.7,12.742107467779343
7,95.70111111111112,12.886860849474726
7,95.70222222222222,13.029316377736063
7,95.70333333333333,13.17742670368908
7,95.70444444444445,13.32249213284266
7,95.70555555555555,13.466190281721676
7,95.70666666666666,13.612518980996418
7,95.70777777777778,13.757496419193881
7,95.7088888888889,13.902743129263117
7,95.71,14.049741813252885
7,95.71111111111111,14.19634026542288
7,95.71222222222222,14.341358899932843
7,95.71333333333334,14.488798782003478
7,95.71444444444444,14.637249521437257
7,95.71555555555555,14.783312486672457
7,95.71666666666667,14.92935796288012
7,95.71777777777778,15.076190317014623
7,95.71888888888888,15.227698331224104
7,95.72,15.37195872289769
7,95.72111111111111,15.52075382741491
7,95.72222222222223,15.669291413845972
7,95.72333333333333,15.818914798591429
7,95.72444444444444,15.967698334438523
7,95.72555555555556,16.116585198524994
7,95.72666666666667,16.263070294550722
7,95.72777777777777,16.416419403260377
7,95.72888888888889,16.562724368521955
7,95.73,16.71429342612657
7,95.7311111111111,16.862999421624373
7,95.73222222222222,17.014824179667567
7,95.73333333333333,17.1631366257689
7,95.73444444444445,17.31397393265298
7,95.73555555555555,17.463332166006026
7,95.73666666666666,17.61300235189095
7,95.73777777777778,17.764122453210817
7,95.7388888888889,17.91572926593724
7,95.74,18.065523691843005
7,95.74111111111111,18.217244972635864
7,95.74222222222222,18.366775640267587
7,95.74333333333334,18.51920367380023
7,95.74444444444444,18.66898307045376
7,95.74555555555555,18.821249719329646
7,95.74666666666667,18.971383597157583
7,95.74777777777778,19.125666001855375
7,95.74888888888889,19.276430745379106
7,95.75,19.427924515717155
7,95.75111111111111,19.579916945979953
7,95.75222222222222,19.73139319371162
7,95.75333333333333,19.88476287642012
7,95.75444444444445,20.037108840100927
7,95.75555555555556,20.191231429223123
7,95.75666666666666,20.341301119869115
7,95.75777777777778,20.494081888919993
7,95.75888888888889,20.646088605603666
7,95.76,20.799565898838036
7,95.7611111111111,20.95432174910656
7,95.76222222222222,21.106040768491685
7,95.76333333333334,21.25932118111055
7,95.76444444444445,21.41167576238073
7,95.76555555555555,21.565094654653965
7,95.76666666666667,21.719266678476462
7,95.76777777777778,21.871849564087235
7,95.7688888888889,22.024958293340646
7,95.77,22.181536083096034
7,95.77111111111111,22.333905474151987
7,95.77222222222223,22.48765646169186
7,95.77333333333333,22.642673208507052
7,95.77444444444444,22.796456840863467
7,95.77555555555556,22.951132717475858
7,95.77666666666667,23.105557630379728
7,95.77777777777777,23.260412231245134
7,95.77888888888889,23.414670382541093
7,95.78,23.568855820218854
7,95.78111111111112,23.724213808372898
7,95.78222222222222,23.88025349895552
7,95.78333333333333,24.035515989481127
7,95.78444444444445,24.188086283592167
7,95.78555555555556,24.34347265192478
7,95.78666666666666,24.499627842005683
7,95.78777777777778,24.65404817767358
7,95.78888888888889,24.809324244839104
7,95.79,24.964051636016084
7,95.7911111111111,25.12022174041806
7,95.79222222222222,25.277092117369893
7,95.79333333333334,25.431874888653876
7,95.79444444444445,25.585783361599848
7,95.79555555555555,25.74294983786269
7,95.79666666666667,25.900226140754114
7,95.79777777777778,26.055462601562883
7,95.79888888888888,26.20962465336549
8,111.13555555555556,1.5189621050373878
8,111.13666666666667,1.6103485085638745
8,111.13777777777777,1.7217916015997072
8,111.13888888888889,1.82517224990693
8,111.14,1.9691023585393606
8,111.14111111111112,2.0873760422091516
8,111.14222222222222,2.2079685992554614
8,111.14333333333333,2.3309738223759386
8,111.14444444444445,2.4489052209019238
8,111.14555555555556,2.5719319072514057
8,111.14666666666666,2.692874226210562
8,111.14777777777778,2.815634694686454
8,111.14888888888889,2.9373779582102166
8,111.15,3.059387140442515
8,111.1511111111111,3.1853620361778416
8,111.15222222222222,3.306910236771599
8,111.15333333333334,3.4348169291728383
8,111.15444444444445,3.5560435415982905
8,111.15555555555555,3.683630119252696
8,111.15666666666667,3.809001349669895
8,111.15777777777778,3.9343242508153105
8,111.1588888888889,4.058435249002435
8,111.16,4.184345488066865
8,111.16111111111111,4.313425846008272
8,111.16222222222223,4.4421643578394745
8,111.16333333333333,4.565177197329018
8,111.16444444444444,4.693966423832196
8,111.16555555555556,4.820383869178718
8,111.16666666666667,4.9505787792810505
8,111.16777777777777,5.075359471878578
8,111.16888888888889,5.203636469079719
8,111.17,5.333486492097516
8,111.17111111111112,5.463539138185214
8,111.17222222222222,5.5912611880122345
8,111.17333333333333,5.7212792294209915
8,111.17444444444445,5.851802502938612
8,111.17555555555556,5.983483386462192
8,111.17666666666666,6.112949635459213
8,111.17777777777778,6.242389993972272
8,111.17888888888889,6.3717655081724915
8,111.18,6.503792800671568
8,111.18111111111111,6.6344588308264845
8,111.18222222222222,6.765753736862927
8,111.18333333333334,6.894329983201509
8,111.18444444444444,7.026915845596808
8,111.18555555555555,7.156259647548209
8,111.18666666666667,7.28921914328798
8,111.18777777777778,7.422301927256254
8,111.18888888888888,7.5563731401565395
8,111.19,7.687882740229147
8,111.19111111111111,7.82240717149865
8,111.19222222222223,7.954563298678795
8,111.19333333333333,8.089629132693432
8,111.19444444444444,8.225852278158204
8,111.19555555555556,8.360851481908094
8,111.19666666666667,8.493816945317521
8,111.19777777777777,8.629668849592399
8,111.19888888888889,8.766252165838623
8,111.2,8.902918504485713
8,111.20111111111112,9.036685152585536
8,111.20222222222222,9.173350528735455
8,111.20333333333333,9.311196014739359
8,111.20444444444445,9.449353099936687
8,111.20555555555555,9.587932297889285
8,111.20666666666666,9.726333891430908
8,111.20777777777778,9.864144747736455
8,111.2088888888889,10.002544120403845
8,111.21,10.139578248805853
8,111.21111111111111,10.27806423616091
8,111.21222222222222,10.414868725172232
8,111.21333333333334,10.554023185849623
8,111.21444444444444,10.697106828332931
8,111.21555555555555,10.835382734546215
8,111.21666666666667,10.975124812581743
8,111.21777777777778,11.11461384383213
8,111.21888888888888,11.25522401814288
8,111.22,11.397638049486027
8,111.22111111111111,11.539526972105076
8,111.22222222222223,11.679236764770552
8,111.22333333333333,11.820417261374056
8,111.22444444444444,11.962754869124833
8,111.22555555555556,12.104794194007903
8,111.22666666666667,12.247593138409623
8,111.22777777777777,12.389350829223643
8,111.22888888888889,12.52976504405883
8,111.23,12.672599307615084
8,111.2311111111111,12.816146811687902
8,111.23222222222222,12.959364371602259
8,111.23333333333333,13.102131216420375
8,111.23444444444445,13.248041399555765
8,111.23555555555555,13.39249077535509
8,111.23666666666666,13.535219851494004
8,111.23777777777778,13.679258230346159
8,111.2388888888889,13.823438006271061
8,111.24,13.970154471061859
8,111.24111111111111,14.115482246891839
8,111.24222222222222,14.25896156600239
8,111.24333333333334,14.406949011663386
8,111.24444444444444,14.553430344689104
8,111.24555555555555,14.695863280503616
8,111.24666666666667,14.840791861465549
8,111.24777777777778,14.988564218540166
8,111.24888888888889,15.136442706497698
8,111.25,15.28108705324182
8,111.25111111111111,15.431740158023668
8,111.25222222222222,15.57634451442202
8,111.25333333333333,15.722913193845681
8,111.25444444444445,15.872321096964685
8,111.25555555555556,16.017416454002966
8,111.25666666666666,16.167371511905397
8,111.25777777777778,16.31512628836788
8,111.25888888888889,16.4625038472492
8,111.26,16.611030204807157
8,111.2611111111111,16.760781722777583
8,111.26222222222222,16.910150802913083
8,111.26333333333334,17.05873944960579
8,111.26444444444445,17.207537198756864
8,111.26555555555555,17.356807537637977
8,111.26666666666667,17.505326874542828
8,111.26777777777778,17.65567427384565
8,111.2688888888889,17.80182963256877
8,111.27,17.955348740035383
8,111.27111111111111,18.101110246236995
8,111.27222222222223,18.253390289819265
8,111.27333333333333,18.401421942851595
8,111.27444444444444,18.553552885115547
8,111.27555555555556,18.70243805128323
8,111.27666666666667,18.853643490605158
8,111.27777777777777,19.002558008584963
8,111.27888888888889,19.15422415316886
8,111.28,19.304931278423766
8,111.28111111111112,19.45541609475294
8,111.28222222222222,19.607181961382015
8,111.28333333333333,19.756884022597053
8,111.28444444444445,19.907985891837203
8,111.28555555555556,20.05859096010611
8,111.28666666666666,20.210283267721806
8,111.28777777777778,20.360232498176956
8,111.28888888888889,20.51290662178487
8,111.29,20.66246748159495
8,111.2911111111111,20.817081401836038
8,111.29222222222222,20.965452709939296
8,111.29333333333334,21.119970794928232
8,111.29444444444445,21.272227274871785
8,111.29555555555555,21.422204338473275
8,111.29666666666667,21.57492583281837
8,111.29777777777778,21.7260616449051
8,111.29888888888888,21.88127147766323
8,111.3,22.030413212004447
8,111.30111111111111,22.184078642777056
8,111.30222222222223,22.339775958668618
8,111.30333333333333,22.49037612527875
8,111.30444444444444,22.644889554057333
8,111.30555555555556,22.79638672278512
8,111.30666666666667,22.94936120507258
8,111.30777777777777,23.103165956185624
8,111.30888888888889,23.255758173414552
8,111.31,23.41065276530113
8,111.31111111111112,23.562855731432414
8,111.31222222222222,23.716382794218767
8,111.31333333333333,23.871527082924356
8,111.31444444444445,24.023721941277866
8,111.31555555555556,24.176373416260894
8,111.31666666666666,24.330840864317995
8,111.31777777777778,24.48439293160815
8,111.31888888888889,24.63805904736861
8,111.32,24.793177767629768
8,111.32111111111111,24.946679449001405
8,111.32222222222222,25.099936865440537
8,111.32333333333334,25.255496427951435
8,111.32444444444444,25.40910150750448
8,111.32555555555555,25.56325731889745
8,111.32666666666667,25.717341377900322
8,111.32777777777778,25.872261407299526
8,111.32888888888888,26.02526654217562
8,111.33,26.180030998699287
