droplet,t,x,v,t_int_exp
1,5.6,12.83494147608446,6.705125134404899,
1,5.616666666666666,12.94542621826133,6.706891660289501,
1,5.633333333333334,13.058922274853336,6.725785806846232,
1,5.65,13.17153979665146,6.731896161568716,
1,5.666666666666667,13.284394716168167,6.7186382851888204,
1,5.683333333333334,13.396897175150391,6.686412635177598,
1,5.7,13.5044879570733,6.650249414999746,
1,5.716666666666667,13.61555258358539,6.642881771258388,
1,5.733333333333333,13.726849319231704,6.64293330588947,
1,5.75,13.838996776042269,6.63485580231079,
1,5.766666666666667,13.948837926326638,6.612788090105409,
1,5.783333333333333,14.056629166370788,6.596980933162958,
1,5.8,14.16707912933816,6.601483185223663,
1,5.816666666666666,14.278961076976993,6.604365059306334,
1,5.833333333333333,14.388694158354664,6.590789338995394,
1,5.85,14.496136981923607,6.576071560522601,
1,5.866666666666666,14.606678690055348,6.573635878079908,
1,5.883333333333334,14.718099261554244,6.560933032722126,
1,5.9,14.82546055499792,6.5317624742463956,
1,5.916666666666667,14.932516018042334,6.514452401030675,
1,5.933333333333334,15.043573927913435,6.5123146169456065,
1,5.95,15.149650391588448,6.503339395574747,
1,5.966666666666667,15.259204404225306,6.50750970289681,
1,5.983333333333333,15.36770775725679,6.506267415809244,
1,6.0,15.4765036907111,6.499308315827056,
1,6.016666666666667,15.582872299805835,6.487427836773308,
1,6.033333333333333,15.692941987754429,6.47931706757036,
1,6.05,15.800924400680056,6.454416810190777,
1,6.066666666666666,15.905069133773598,6.4268593019939235,
1,6.083333333333333,16.014819703154313,6.417577790216538,
1,6.1,16.12,6.398018033117551,
1,6.116666666666666,16.226569454252264,6.386141361967362,
1,6.133333333333334,16.334613698082794,6.3756902362976255,
1,6.15,16.437311505702088,6.362634159561487,
1,6.166666666666667,16.545978710871985,6.372652939590369,
1,6.183333333333334,16.651187243136384,6.375666546884386,
1,6.2,16.757874023738776,6.382523068510187,
1,6.216666666666667,16.86267959318357,6.386535796266588,
1,6.233333333333333,16.97093019914414,6.3862022455668805,
1,6.25,17.08072861697003,6.352744509785556,
1,6.266666666666667,17.179821366121658,6.287625909495727,
1,6.283333333333333,17.287105032874507,6.257614450772713,
1,6.3,17.387299119923366,6.234478161856124,
1,6.316666666666666,17.495380253536148,6.239805410790009,
1,6.333333333333333,17.595421782531627,6.233300544585566,
1,6.35,17.703496488840482,6.242727175705331,
1,6.366666666666666,17.803305555217538,6.231747385456131,
1,6.383333333333334,17.911982887840033,6.231164571190967,
1,6.4,18.01073908428326,6.2042411739356345,
1,6.416666666666667,18.118388115466217,6.194634129310627,
1,6.433333333333334,18.21805067888049,6.16854587305002,
1,6.45,18.32040025909184,6.165595840191919,
1,6.466666666666667,18.425927192236,6.1729596045659365,
1,6.483333333333333,18.524692879011265,6.170977075436848,
1,6.5,18.632746945658344,6.184050634651434,
1,6.516666666666667,18.73223112503125,6.1685242834185,
1,6.533333333333333,18.836730484009102,6.163848190661616,
1,6.55,18.936854204341945,6.154066021224316,
1,6.566666666666666,19.04337715758753,6.152695763586315,
1,6.583333333333333,19.144246208922823,6.132517028796247,
1,6.6,19.24195717907283,6.132619968764476,
1,6.616666666666666,19.350424376384844,6.169758997887884,
1,6.633333333333334,19.447396932551783,6.185702356912379,
1,6.65,19.556470221974102,6.2161781925277095,
1,6.666666666666667,19.658461554055425,6.1948776477160745,
1,6.683333333333334,19.76466639294748,6.146659852706007,
1,6.7,19.86130683858288,6.075449324709218,
1,6.716666666666667,19.959672611507997,6.04784553923186,
1,6.733333333333333,20.065397807085866,6.053486008952995,
1,6.75,20.16350635907733,6.041486351990917,
1,6.766666666666667,20.264099824577013,6.041525105072732,
1,6.783333333333333,20.36788421895468,6.04023451801019,
1,6.8,20.464821678022155,6.022598888829004,
1,6.816666666666666,20.565316320089345,6.02550711440102,
1,6.833333333333333,20.669291657060576,6.0285230015413,
1,6.85,20.765898803456142,6.012367716664082,
1,6.866666666666666,20.866640272758385,6.0160983333962115,
1,6.883333333333334,20.969699505552587,6.018791545229166,
1,6.9,21.06689099718108,6.007408499229683,
1,6.916666666666667,21.16689362167989,6.014673996429832,
1,6.933333333333334,21.27042828075737,6.024445671340678,
1,6.95,21.36781643763238,6.0165532130214485,
1,6.966666666666667,21.46765058079094,6.022954077429974,
1,6.983333333333333,21.572544611230533,6.027463683073901,
1,7.0,21.66863884542768,6.0047524504449585,
1,7.016666666666667,21.768576506716865,6.003444846655247,
1,7.033333333333333,21.87147606535171,6.00575189369978,
1,7.05,21.96868345328589,5.991877110040651,
1,7.066666666666666,22.0690172233996,5.988751643683027,
1,7.083333333333333,22.171115751761864,5.979013579943938,
1,7.1,22.26925123352297,5.954004093248073,
1,7.116666666666666,22.365047235172824,5.945874154222285,
1,7.133333333333334,22.466640261583443,5.968464428050353,
1,7.15,22.568569237577368,5.980570512795524,
1,7.166666666666667,22.664915984068788,5.976311036782116,
1,7.183333333333334,22.766139865280763,5.987363947360245,
1,7.2,22.86711717164381,5.991083339462869,
1,7.216666666666667,22.96480683313025,5.988739292259185,
1,7.233333333333333,23.06486847851467,6.000360828952224,
1,7.25,23.167355694201543,6.010600669613543,
1,7.266666666666667,23.26581043300421,6.005027067465671,
1,7.283333333333333,23.364846740973665,6.0077449334606445,
1,7.3,23.468370498061116,6.01569938754828,
1,7.316666666666666,23.56662369780621,6.007605341953218,
1,7.333333333333333,23.664110446488813,6.016549324740487,
1,7.35,23.769416567863598,6.044405355070628,
1,7.366666666666666,23.86762936373305,6.046555989391693,
1,7.383333333333334,23.9692173422629,6.054490993050369,
1,7.4,24.07114893412455,6.0569718706149605,
1,7.416666666666667,24.16926265384998,6.054095635588412,
1,7.433333333333334,24.273870555250216,6.062324406822753,
1,7.45,24.37292886758053,6.0516371638313124,
1,7.466666666666667,24.471016155990725,6.05152941277003,
1,7.483333333333333,24.578296380280506,6.061448801379333,
1,7.5,24.67500387964827,6.034642605258053,
1,7.516666666666667,24.77322527926668,6.028645810820136,
1,7.533333333333333,24.87933190560174,6.036482933460551,
1,7.55,24.976430480430565,6.01354955018062,
1,7.566666666666666,25.074025901218448,6.006929197001801,
1,7.583333333333333,25.18015507844279,6.011561086771827,
1,7.6,25.276965849148947,5.980382443782259,
1,7.616666666666666,25.37422020838329,5.965286903846318,
1,7.633333333333334,25.477082235470323,5.97045759922369,
1,7.65,25.57552421130796,5.963951329007352,
1,7.666666666666667,25.672309379251253,5.969759241577256,
1,7.683333333333334,25.774565601982378,5.995889254594433,
1,7.7,25.8757980383864,6.005151833798964,
1,7.716666666666667,25.97273022134163,5.999133140753078,
1,7.733333333333333,26.075617367629707,5.998535796391721,
1,7.75,26.175997654354543,5.973152410486226,
1,7.766666666666667,26.2723988909484,5.9413079231227615,
1,7.783333333333333,26.369682143680745,5.93516305802042,
1,7.8,26.473128008405453,5.943133370348682,
1,7.816666666666666,26.570892734000385,5.926401015684906,
1,7.833333333333333,26.66733968765788,5.919369479390814,
1,7.85,26.7641545089572,5.939645615671605,
1,7.866666666666666,26.870130766510943,5.968017462790951,
1,7.883333333333334,26.96655632724429,5.9488922116408816,
1,7.9,27.063150867667257,5.935239737483073,
1,7.916666666666667,27.16448974291089,5.934627712149973,
1,7.933333333333334,27.264504161050414,5.915836891948496,
1,7.95,27.3603184323126,5.888160861510134,
1,7.966666666666667,27.456395718762572,5.884511346868067,
1,7.983333333333333,27.55722541691395,5.899062709484919,
1,8.0,27.65748648194051,5.892711610099491,
1,8.016666666666667,27.75307695631812,5.868197319277566,
1,8.033333333333333,27.849573150441323,5.8624408820316924,
1,8.05,27.94648728471992,5.875467720038298,
1,8.066666666666666,28.049799822436636,5.887164694204038,
1,8.083333333333334,28.14538341535429,5.860477385735962,
1,8.1,28.241766116854222,5.845039297863893,
1,8.116666666666667,28.33692941790341,5.85559038121845,
1,8.133333333333333,28.43798833377093,5.889541432355601,
1,8.15,28.536926825692348,5.903851244587556,
2,26.33333333333333,15.382156583807523,7.107861878244424,20.46666666666667
2,26.35,15.500447158855993,7.120055434461655,20.46666666666667
2,26.366666666666667,15.618531485548258,7.13692288258878,20.46666666666667
2,26.383333333333333,15.742325042004529,7.139073293962427,20.46666666666667
2,26.4,15.858327629785723,7.092708902788668,20.46666666666667
2,26.416666666666668,15.975483293122757,7.044185628221451,20.46666666666667
2,26.433333333333334,16.09199602130407,7.003038502087473,20.46666666666667
2,26.45,16.207948779415876,6.9746787896083555,20.46666666666667
2,26.466666666666665,16.323741590513443,6.961108135340303,20.46666666666667
2,26.48333333333333,16.44016881397294,6.959464896478692,20.46666666666667
2,26.5,16.555981297331925,6.9631227525597685,20.46666666666667
2,26.516666666666666,16.671569729114225,6.972727281644044,20.46666666666667
2,26.53333333333333,16.78746277881341,6.984930402501124,20.46666666666667
2,26.55,16.905730301869017,6.98599221509527,20.46666666666667
2,26.566666666666663,17.023442766235934,6.953462261528971,20.46666666666667
2,26.58333333333333,17.136137432000208,6.895460979133134,20.46666666666667
2,26.6,17.249830196971512,6.850467100253015,20.46666666666667
2,26.616666666666667,17.36438699672869,6.819798550898327,20.46666666666667
2,26.633333333333333,17.47753524723948,6.796748945027206,20.46666666666667
2,26.65,17.58908650977019,6.789499263139239,20.46666666666667
2,26.666666666666668,17.703545052067717,6.80404880663463,20.46666666666667
2,26.683333333333334,17.816838611964005,6.819608327157961,20.46666666666667
2,26.7,17.931480149333755,6.833021273056743,20.46666666666667
2,26.716666666666665,18.04473603667441,6.835022282788823,20.46666666666667
2,26.73333333333333,18.159250443293377,6.828978367296099,20.46666666666667
2,26.75,18.272319210206486,6.807234120696507,20.46666666666667
2,26.766666666666666,18.38694620032165,6.773768668083428,20.46666666666667
2,26.78333333333333,18.499060600549463,6.7261421327187865,20.46666666666667
2,26.8,18.60762831097145,6.690764516675744,20.46666666666667
2,26.816666666666663,18.719042953396592,6.694244956439595,20.46666666666667
2,26.83333333333333,18.83168227587826,6.714105969993901,20.46666666666667
2,26.85,18.94493214563261,6.725269334003536,20.46666666666667
2,26.866666666666667,19.058030395555317,6.714950216726654,20.46666666666667
2,26.883333333333333,19.169700857520223,6.689731178006656,20.46666666666667
2,26.9,19.27821750514681,6.675900621515031,20.46666666666667
2,26.916666666666668,19.38783943633681,6.70266511363794,20.46666666666667
2,26.933333333333334,19.50165719224594,6.753421489480475,20.46666666666667
2,26.95,19.61753712115016,6.776749386740559,20.46666666666667
2,26.966666666666665,19.73200574571664,6.74223919810248,20.46666666666667
2,26.98333333333333,19.84191610106447,6.6683812799939455,20.46666666666667
2,27.0,19.948305882580176,6.6086346375919005,20.46666666666667
2,27.016666666666666,20.05827605185544,6.595971318569087,20.46666666666667
2,27.03333333333333,20.17029544581027,6.600793169893554,20.46666666666667
2,27.05,20.28179227073404,6.594122343898155,20.46666666666667
2,27.066666666666663,20.38803694917217,6.5804171442913075,20.46666666666667
2,27.08333333333333,20.498058837213165,6.590718548784966,20.46666666666667
2,27.1,20.61034399321426,6.598915932714283,20.46666666666667
2,27.116666666666667,20.721237623037457,6.581846847031439,20.46666666666667
2,27.133333333333333,20.82722824491068,6.554733515754096,20.46666666666667
2,27.15,20.936727397887715,6.552729955998354,20.46666666666667
2,27.166666666666668,21.047472213903028,6.556737860387,20.46666666666667
2,27.183333333333334,21.15680683644135,6.552449698370291,20.46666666666667
2,27.2,21.26345553083496,6.549993895014636,20.46666666666667
2,27.216666666666665,21.37460458413313,6.561616532511223,20.46666666666667
2,27.23333333333333,21.48556361171316,6.557586291296962,20.46666666666667
2,27.25,21.591920843389605,6.537987812019,20.46666666666667
2,27.266666666666666,21.701337603592144,6.530680520517203,20.46666666666667
2,27.28333333333333,21.812764347290276,6.520039655033849,20.46666666666667
2,27.3,21.916733769978823,6.499967430918488,20.46666666666667
2,27.316666666666663,22.02603380691993,6.510355273258111,20.46666666666667
2,27.33333333333333,22.13726550687071,6.518370975444778,20.46666666666667
2,27.35,22.24488020554217,6.504425468614597,20.46666666666667
2,27.366666666666667,22.351266882696127,6.492129098326731,20.46666666666667
2,27.383333333333333,22.46168114530619,6.491882796331343,20.46666666666667
2,27.4,22.568750755092477,6.483830895388361,20.46666666666667
2,27.416666666666668,22.675119546063573,6.485059741859487,20.46666666666667
2,27.433333333333334,22.78645257709992,6.496084353219006,20.46666666666667
2,27.45,22.89364449483497,6.488817240107025,20.46666666666667
2,27.466666666666665,23.00001882165495,6.486256390004949,20.46666666666667
2,27.48333333333333,23.11034087537018,6.4954891600558575,20.46666666666667
2,27.5,23.218452510013996,6.494774245116762,20.46666666666667
2,27.516666666666666,23.324140333663053,6.4967645680996124,20.46666666666667
2,27.53333333333333,23.43505133915688,6.511864646154176,20.46666666666667
2,27.55,23.5458522124987,6.507283271496526,20.46666666666667
2,27.566666666666663,23.649042034713226,6.489900217100283,20.46666666666667
2,27.58333333333333,23.75948369750864,6.505706676637318,20.46666666666667
2,27.6,23.87030686549917,6.51777048600981,20.46666666666667
2,27.616666666666667,23.97435970704853,6.522692613527751,20.46666666666667
2,27.633333333333333,24.085715069472204,6.553646923555737,20.46666666666667
2,27.65,24.197603399040776,6.5661757906016165,20.46666666666667
2,27.666666666666668,24.30536995608584,6.551282940134947,20.46666666666667
2,27.683333333333334,24.412339516774534,6.540824431940698,20.46666666666667
2,27.7,24.52235171956961,6.542980540861811,20.46666666666667
2,27.716666666666665,24.63546645230482,6.53184445438031,20.46666666666667
2,27.73333333333333,24.73691279900053,6.497554763931271,20.46666666666667
2,27.75,24.84840947207474,6.501115990810299,20.46666666666667
2,27.766666666666666,24.959557458149877,6.489424967084677,20.46666666666667
2,27.78333333333333,25.06117506276061,6.461769588094407,20.46666666666667
2,27.8,25.171872984691092,6.467300816927869,20.46666666666667
2,27.816666666666663,25.283120771767084,6.453844131639843,20.46666666666667
2,27.83333333333333,25.3846740268704,6.417727984865889,20.46666666666667
2,27.85,25.494993640986568,6.4166934413879195,20.46666666666667
2,27.866666666666667,25.598185994065123,6.418312604027017,20.46666666666667
2,27.883333333333333,25.707492273214378,6.446404997532548,20.46666666666667
2,27.9,25.818034312655808,6.461800538801536,20.46666666666667
2,27.916666666666668,25.920888796312823,6.456420982789214,20.46666666666667
2,27.933333333333334,26.031412459443978,6.469644759724095,20.46666666666667
2,27.95,26.141570701660413,6.461623493038557,20.46666666666667
2,27.966666666666665,26.243238139009065,6.437435487585933,20.46666666666667
2,27.98333333333333,26.353853073215813,6.44324360725367,20.46666666666667
2,28.0,26.46304275425669,6.4314722026600215,20.46666666666667
2,28.016666666666666,26.565418945048812,6.408343480680228,20.46666666666667
2,28.03333333333333,26.676373728310548,6.4134032334132245,20.46666666666667
2,28.05,26.778167919749777,6.41239254361276,20.46666666666667
2,28.066666666666663,26.888127679825534,6.438771990399843,20.46666666666667
2,28.08333333333333,26.99960417186516,6.441363337165859,20.46666666666667
2,28.1,27.099598752230985,6.413071556725276,20.46666666666667
2,28.116666666666667,27.210030435344844,6.4155020037047565,20.46666666666667
2,28.133333333333333,27.318715108495628,6.395410255171043,20.46666666666667
2,28.15,27.42013991989495,6.35797568937576,20.46666666666667
2,28.166666666666668,27.530156738311863,6.343347234210193,20.46666666666667
2,28.183333333333334,27.63107761017415,6.315962120973798,20.46666666666667
2,28.2,27.74136571105094,6.311820316404079,20.46666666666667
2,28.216666666666665,27.840236754699305,6.294504657025899,20.46666666666667
2,28.23333333333333,27.9506439962062,6.312453984591407,20.46666666666667
2,28.25,28.051440879382053,6.31352388104448,20.46666666666667
2,28.266666666666666,28.1597185137717,6.3321600500094295,20.46666666666667
2,28.28333333333333,28.26723432330832,6.328994728898261,20.46666666666667
2,28.3,28.36813197859792,6.310393066229675,20.46666666666667
2,28.316666666666663,28.475644480706784,6.316637476122867,20.46666666666667
3,46.93333333333333,17.71648129470873,7.155178376327515,20.349999999999998
3,46.95,17.836171058109556,7.15166149388524,20.349999999999998
3,46.96666666666667,17.956113946396083,7.139886108424359,20.349999999999998
3,46.98333333333333,18.073041398540106,7.1204193393850925,20.349999999999998
3,47.0,18.19239335329405,7.109575704682576,20.349999999999998
3,47.016666666666666,18.310094083648927,7.094565814859418,20.349999999999998
3,47.03333333333333,18.42952944698781,7.076918242008864,20.349999999999998
3,47.05,18.546044614356862,7.04912630459897,20.349999999999998
3,47.06666666666667,18.662973048212493,7.028462131741843,20.349999999999998
3,47.083333333333336,18.78013261100106,7.016025706962215,20.349999999999998
3,47.1,18.896335676824908,7.009375229085884,20.349999999999998
3,47.11666666666667,19.014253559767383,7.009832121332277,20.349999999999998
3,47.13333333333333,19.130559902156516,7.008386961925913,20.349999999999998
3,47.15,19.247623728449724,7.014152597478188,20.349999999999998
3,47.16666666666666,19.363613649652603,7.027906163992247,20.349999999999998
3,47.18333333333333,19.48018597195885,7.0531123276266054,20.349999999999998
3,47.2,19.599048123197942,7.074205700457302,20.349999999999998
3,47.21666666666667,19.720990813279798,7.059295970012253,20.349999999999998
3,47.23333333333333,19.836489857211514,6.992470732271822,20.349999999999998
3,47.25,19.948259706493918,6.929279013540496,20.349999999999998
3,47.266666666666666,20.064018803880927,6.907900781474765,20.349999999999998
3,47.28333333333333,20.17969410877898,6.904547006055578,20.349999999999998
3,47.3,20.29473523427025,6.9058873981748805,20.349999999999998
3,47.31666666666667,20.40994212087371,6.908583753435475,20.349999999999998
3,47.333333333333336,20.525177910660428,6.908348473366457,20.349999999999998
3,47.35,20.640654260299623,6.901956540992208,20.349999999999998
3,47.36666666666667,20.756056971644213,6.887793165143887,20.349999999999998
3,47.38333333333333,20.868844881325337,6.871638401512621,20.349999999999998
3,47.4,20.98394353009758,6.869376282604831,20.349999999999998
3,47.41666666666666,21.09836513422124,6.86790100594125,20.349999999999998
3,47.43333333333333,21.213694635785828,6.864258544194007,20.349999999999998
3,47.45,21.326648311380275,6.854770237701582,20.349999999999998
3,47.46666666666667,21.441272771836715,6.851176374177889,20.349999999999998
3,47.48333333333333,21.556439054236964,6.843675860686506,20.349999999999998
3,47.5,21.668583479972053,6.829771318539461,20.349999999999998
3,47.516666666666666,21.783344847956904,6.825384252506496,20.349999999999998
3,47.53333333333333,21.89710563044662,6.8183496240895645,20.349999999999998
3,47.55,22.009349374920458,6.8132515107715665,20.349999999999998
3,47.56666666666667,22.12412786686584,6.816702357740742,20.349999999999998
3,47.583333333333336,22.23763473922086,6.813474757578697,20.349999999999998
3,47.6,22.35093492631988,6.807786177924973,20.349999999999998
3,47.61666666666667,22.46469849229525,6.803000637653017,20.349999999999998
3,47.63333333333333,22.57637116327933,6.79976599898496,20.349999999999998
3,47.65,22.691231808960136,6.805071168236369,20.349999999999998
3,47.66666666666666,22.80549407010705,6.798294937257017,20.349999999999998
3,47.68333333333333,22.916909304484943,6.78286043782652,20.349999999999998
3,47.7,23.03141344310236,6.778144598284206,20.349999999999998
3,47.71666666666667,23.14157555599464,6.776317514241891,20.349999999999998
3,47.73333333333333,23.25667363879014,6.7951346095128935,20.349999999999998
3,47.75,23.370018461294823,6.806076738924594,20.349999999999998
3,47.766666666666666,23.48362987496085,6.811388102917254,20.349999999999998
3,47.78333333333333,23.597801559615156,6.811816435374013,20.349999999999998
3,47.8,23.71004604358362,6.809580007143713,20.349999999999998
3,47.81666666666667,23.824464594885992,6.817586811365874,20.349999999999998
3,47.833333333333336,23.93680157597894,6.827936924375963,20.349999999999998
3,47.85,24.051852717467657,6.845933228932621,20.349999999999998
3,47.86666666666667,24.166653765661813,6.852512026100003,20.349999999999998
3,47.88333333333333,24.28142046601624,6.844479336592778,20.349999999999998
3,47.9,24.393918388326025,6.828515892238664,20.349999999999998
3,47.91666666666666,24.507205631138632,6.822838227182174,20.349999999999998
3,47.93333333333333,24.62142753969677,6.823816754770972,20.349999999999998
3,47.95,24.735220140498125,6.820711804785822,20.349999999999998
3,47.96666666666667,24.848913931063255,6.810979881997799,20.349999999999998
3,47.98333333333333,24.96180943578261,6.793975269108033,20.349999999999998
3,48.0,25.07628577309047,6.772006757928931,20.349999999999998
3,48.016666666666666,25.186471332068813,6.741761043978322,20.349999999999998
3,48.03333333333333,25.30052214043276,6.72675217440192,20.349999999999998
3,48.05,25.410382538385093,6.714215432403612,20.349999999999998
3,48.06666666666667,25.52196357038784,6.723683541538137,20.349999999999998
3,48.083333333333336,25.636343407682794,6.74062990869273,20.349999999999998
3,48.1,25.74796301598569,6.742531956342393,20.349999999999998
3,48.11666666666667,25.86034987274821,6.740789119194507,20.349999999999998
3,48.13333333333333,25.97283777829614,6.734219507259394,20.349999999999998
3,48.15,26.085490806465742,6.722309198150119,20.349999999999998
3,48.16666666666666,26.19548527933704,6.708713124488468,20.349999999999998
3,48.18333333333333,26.30839375863218,6.707337931464117,20.349999999999998
3,48.2,26.420204513375804,6.7017978405579335,20.349999999999998
3,48.21666666666667,26.53194654230108,6.694371452095416,20.349999999999998
3,48.23333333333333,26.64294986272624,6.689238399757106,20.349999999999998
3,48.25,26.753552313175742,6.693390468246002,20.349999999999998
3,48.266666666666666,26.86553631253156,6.705757399634572,20.349999999999998
3,48.28333333333333,26.979026378616247,6.70935661919814,20.349999999999998
3,48.3,27.090992306450243,6.690921165288981,20.349999999999998
3,48.31666666666667,27.19966959417047,6.664948928402712,20.349999999999998
3,48.333333333333336,27.312223325935477,6.653466023811481,20.349999999999998
3,48.35,27.42116081106088,6.638393529260984,20.349999999999998
3,48.36666666666667,27.534125407568645,6.629378405472344,20.349999999999998
3,48.38333333333333,27.642854328140345,6.607687591725127,20.349999999999998
3,48.4,27.75270910601489,6.595855440024291,20.349999999999998
3,48.41666666666666,27.860916516673665,6.59307234291761,20.349999999999998
3,48.43333333333333,27.97319077296523,6.597267884669962,20.349999999999998
3,48.45,28.08407338350376,6.578414633824234,20.349999999999998
3,48.46666666666667,28.191173051471903,6.545155622347698,20.349999999999998
3,48.48333333333333,28.29927148999642,6.526839988698612,20.349999999999998
3,48.5,28.40974291565801,6.519709327275156,20.349999999999998
3,48.516666666666666,28.5166531999767,6.508623060078794,20.349999999999998
4,66.88333333333334,15.239328995338502,7.823776776342855,20.366666666666667
4,66.9,15.368858236306814,7.804679343355906,20.366666666666667
4,66.91666666666667,15.498132748478492,7.784925308638133,20.366666666666667
4,66.93333333333334,15.629161320021096,7.761336058513225,20.366666666666667
4,66.95,15.757395771502022,7.722828769103342,20.366666666666667
4,66.96666666666667,15.885111932604298,7.686203470099807,20.366666666666667
4,66.98333333333333,16.01163687236596,7.660270862301034,20.366666666666667
4,67.0,16.141000356553903,7.647387804806846,20.366666666666667
4,67.01666666666667,16.266777090577513,7.630807225120154,20.366666666666667
4,67.03333333333333,16.394927861590038,7.625565677070986,20.366666666666667
4,67.05,16.52053886411773,7.623309982321481,20.366666666666667
4,67.06666666666666,16.649150789707033,7.6333203331538,20.366666666666667
4,67.08333333333333,16.773407706136112,7.640807592400866,20.366666666666667
4,67.1,16.903776105309007,7.654147989137131,20.366666666666667
4,67.11666666666666,17.032806392951105,7.63021980867952,20.366666666666667
4,67.13333333333334,17.15880695460392,7.572555721953458,20.366666666666667
4,67.15,17.28121887148019,7.515687768990115,20.366666666666667
4,67.16666666666667,17.406854296045537,7.490669606785071,20.366666666666667
4,67.18333333333334,17.530803532845354,7.481062433484048,20.366666666666667
4,67.2,17.65549449180001,7.483609678238662,20.366666666666667
4,67.21666666666667,17.78258711330814,7.482802517308466,20.366666666666667
4,67.23333333333333,17.906291329299894,7.462534159937614,20.366666666666667
4,67.25,18.027843656623173,7.446351980039409,20.366666666666667
4,67.26666666666667,18.154414502930976,7.446614172219786,20.366666666666667
4,67.28333333333333,18.277250016960178,7.4331199043425045,20.366666666666667
4,67.3,18.40254682063144,7.4166786851464055,20.366666666666667
4,67.31666666666666,18.52418050004919,7.390602826199058,20.366666666666667
4,67.33333333333333,18.64723405981576,7.376296263494151,20.366666666666667
4,67.35,18.769294902611627,7.369445716860037,20.366666666666667
4,67.36666666666666,18.894307619319285,7.367659385105444,20.366666666666667
4,67.38333333333334,19.01543309524189,7.355824590234654,20.366666666666667
4,67.4,19.137192710916693,7.355801918362055,20.366666666666667
4,67.41666666666667,19.26249134951547,7.364925246423394,20.366666666666667
4,67.43333333333334,19.381809867502163,7.3665769053434875,20.366666666666667
4,67.45,19.503956792783875,7.38663751613167,20.366666666666667
4,67.46666666666667,19.633197086574057,7.393358250140595,20.366666666666667
4,67.48333333333333,19.755143562591257,7.3389286135983625,20.366666666666667
4,67.5,19.87271818458945,7.275832350717997,20.366666666666667
4,67.51666666666667,19.993504392761768,7.2504032036092845,20.366666666666667
4,67.53333333333333,20.113943431370203,7.247487395967019,20.366666666666667
4,67.55,20.237071256760885,7.25103382775725,20.366666666666667
4,67.56666666666666,20.357515960919404,7.239117659196989,20.366666666666667
4,67.58333333333333,20.476546295300995,7.227768376700525,20.366666666666667
4,67.6,20.59689503053568,7.229561275180818,20.366666666666667
4,67.61666666666666,20.71885016465788,7.233197121043506,20.366666666666667
4,67.63333333333334,20.838852157668345,7.2249774172339984,20.366666666666667
4,67.65,20.959546891758247,7.214567870797905,20.366666666666667
4,67.66666666666667,21.078469698145263,7.204729067228668,20.366666666666667
4,67.68333333333334,21.197786019732916,7.2057540229886134,20.366666666666667
4,67.7,21.319937399294588,7.208668926273346,20.366666666666667
4,67.71666666666667,21.43981033042944,7.191506995437275,20.366666666666667
4,67.73333333333333,21.55969469093396,7.165749607648398,20.366666666666667
4,67.75,21.67699615651513,7.143119480062561,20.366666666666667
4,67.76666666666667,21.79617784889588,7.142926111396744,20.366666666666667
4,67.78333333333333,21.914521925456825,7.155303652595424,20.366666666666667
4,67.8,22.035224255260925,7.172601465968652,20.366666666666667
4,67.81666666666666,22.15655204954193,7.171985849603617,20.366666666666667
4,67.83333333333333,22.27416681421533,7.149939284342744,20.366666666666667
4,67.85,22.393362733165084,7.132856038051564,20.366666666666667
4,67.86666666666666,22.511505287747458,7.1212821032602704,20.366666666666667
4,67.88333333333334,22.63056895678847,7.121013157472469,20.366666666666667
4,67.9,22.74834373506117,7.128753447647848,20.366666666666667
4,67.91666666666667,22.86644844165169,7.1475428809208434,20.366666666666667
4,67.93333333333334,22.99005490651572,7.163124950802265,20.366666666666667
4,67.95,23.106703337066005,7.144226163119559,20.366666666666667
4,67.96666666666667,23.22620183540285,7.129923776084829,20.366666666666667
4,67.98333333333333,23.344582653683453,7.1189282653702435,20.366666666666667
4,68.0,23.46237280765232,7.1210576782875545,20.366666666666667
4,68.01666666666667,23.58143701891469,7.141663508177336,20.366666666666667
4,68.03333333333333,23.699096311242315,7.171194780801539,20.366666666666667
4,68.05,23.823326082086236,7.200708653462471,20.366666666666667
4,68.06666666666666,23.94253486694983,7.190252066076301,20.366666666666667
4,68.08333333333333,24.061285532211357,7.170171407047542,20.366666666666667
4,68.1,24.179956748513256,7.160333588633896,20.366666666666667
4,68.11666666666666,24.29871978321072,7.168068942558082,20.366666666666667
4,68.13333333333334,24.41712010956013,7.189579910347609,20.366666666666667
4,68.15,24.540319107554662,7.209322816152225,20.366666666666667
4,68.16666666666667,24.66197117536833,7.187987272265944,20.366666666666667
4,68.18333333333334,24.77903301749829,7.136989687535189,20.366666666666667
4,68.2,24.89674550755741,7.098617540290509,20.366666666666667
4,68.21666666666667,25.01397288544849,7.083691959173187,20.366666666666667
4,68.23333333333333,25.13209972328081,7.093071128363039,20.366666666666667
4,68.25,25.25000924572088,7.113710462803742,20.366666666666667
4,68.26666666666667,25.371821851277204,7.131048458809514,20.366666666666667
4,68.28333333333333,25.488835953345347,7.119652079451393,20.366666666666667
4,68.3,25.60793641364789,7.1034507729663074,20.366666666666667
4,68.31666666666666,25.725852489966822,7.0789278998664384,20.366666666666667
4,68.33333333333333,25.84324896184812,7.0543944772899305,20.366666666666667
4,68.35,25.960418442507574,7.0370595220455465,20.366666666666667
4,68.36666666666666,26.076905229747563,7.031186404046969,20.366666666666667
4,68.38333333333334,26.19404967557716,7.039124865959493,20.366666666666667
4,68.4,26.312619770897445,7.051563768065833,20.366666666666667
4,68.41666666666667,26.429961309264662,7.056286591509869,20.366666666666667
4,68.43333333333334,26.549266142938624,7.058477080329111,20.366666666666667
4,68.45,26.66306598108887,7.058931950469146,20.366666666666667
4,68.46666666666667,26.7815373533302,7.086173369116817,20.366666666666667
4,68.48333333333333,26.902756853456594,7.1045734401262015,20.366666666666667
4,68.5,27.02100547767916,7.084646727398608,20.366666666666667
4,68.51666666666667,27.13796348945921,7.043738451571232,20.366666666666667
4,68.53333333333333,27.25382290687973,7.002047109510769,20.366666666666667
4,68.55,27.369824252029208,6.972477420182632,20.366666666666667
4,68.56666666666666,27.48580930921154,6.953912711028603,20.366666666666667
4,68.58333333333333,27.60154661419736,6.9417922237002,20.366666666666667
4,68.6,27.717287354938104,6.932996806880652,20.366666666666667
4,68.61666666666666,27.83253287336274,6.925085866358043,20.366666666666667
4,68.63333333333334,27.94795101457683,6.9187977224338635,20.366666666666667
4,68.65,28.06318363293145,6.9119958770644665,20.366666666666667
4,68.66666666666667,28.178424084268958,6.904291857728712,20.366666666666667
4,68.68333333333334,28.29313239560861,6.895842268562678,20.366666666666667
4,68.7,28.408198200774567,6.889618023019725,20.366666666666667
4,68.71666666666667,28.522467421855875,6.884882320432932,20.366666666666667
5,87.26666666666667,15.310180845637618,7.922658903228161,20.38333333333334
5,87.28333333333333,15.440968815808564,7.904324311754437,20.38333333333334
5,87.3,15.575644806910956,7.897939371821566,20.38333333333334
5,87.31666666666666,15.704635374291431,7.877699686277453,20.38333333333334
5,87.33333333333333,15.83554877889853,7.868528633432578,20.38333333333334
5,87.35,15.969478700844824,7.856942516302637,20.38333333333334
5,87.36666666666666,16.097955044441903,7.8256452274502895,20.38333333333334
5,87.38333333333334,16.22696594389981,7.807022138456266,20.38333333333334
5,87.4,16.358586359329962,7.800940616739122,20.38333333333334
5,87.41666666666667,16.488768884641658,7.788832385395925,20.38333333333334
5,87.43333333333334,16.617436657561115,7.7788748513092525,20.38333333333334
5,87.45,16.74525227183195,7.7853895532919095,20.38333333333334
5,87.46666666666667,16.875089007230894,7.806362387954892,20.38333333333334
5,87.48333333333333,17.01113894907909,7.807431312401476,20.38333333333334
5,87.5,17.137918134522703,7.749745850716223,20.38333333333334
5,87.51666666666667,17.265017873145805,7.693223702704631,20.38333333333334
5,87.53333333333333,17.391410597503615,7.658061773981654,20.38333333333334
5,87.55,17.520084053765512,7.64577931238106,20.38333333333334
5,87.56666666666666,17.64643300683052,7.637201591654898,20.38333333333334
5,87.58333333333333,17.774949939104282,7.63388393610053,20.38333333333334
5,87.6,17.901014216661356,7.621752637979889,20.38333333333334
5,87.61666666666666,18.0289711321108,7.608159583802943,20.38333333333334
5,87.63333333333334,18.15412935866273,7.584374410332345,20.38333333333334
5,87.65,18.28316103693537,7.560904367722045,20.38333333333334
5,87.66666666666667,18.40526515546361,7.527456434592407,20.38333333333334
5,87.68333333333334,18.53033672914561,7.52401444343606,20.38333333333334
5,87.7,18.657313059781995,7.534670766233392,20.38333333333334
5,87.71666666666667,18.78210737590243,7.538039899596411,20.38333333333334
5,87.73333333333333,18.910153128249124,7.536044448976887,20.38333333333334
5,87.75,19.033604003740788,7.516612173995734,20.38333333333334
5,87.76666666666667,19.159856106106105,7.5084211616810395,20.38333333333334
5,87.78333333333333,19.282956315906617,7.509716220672288,20.38333333333334
5,87.8,19.406954037370703,7.53727142526691,20.38333333333334
5,87.81666666666666,19.535265852974184,7.573498752663859,20.38333333333334
5,87.83333333333333,19.663370044185097,7.573752141071164,20.38333333333334
5,87.85,19.790742193841652,7.5281662793644575,20.38333333333334
5,87.86666666666666,19.91172716156064,7.458125608727934,20.38333333333334
5,87.88333333333334,20.033919448061408,7.416726538954251,20.38333333333334
5,87.9,20.160265852974184,7.40178006643826,20.38333333333334
5,87.91666666666667,20.28028413757186,7.387433321308479,20.38333333333334
5,87.93333333333334,20.40432515398768,7.397556929112451,20.38333333333334
5,87.95,20.530588871730057,7.404261322398588,20.38333333333334
5,87.96666666666667,20.65053521749113,7.392130449217512,20.38333333333334
5,87.98333333333333,20.77456646483794,7.393404334726526,20.38333333333334
5,88.0,20.900321854932088,7.386059143173646,20.38333333333334
5,88.01666666666667,21.019898753816086,7.361534898540505,20.38333333333334
5,88.03333333333333,21.143129986658906,7.35551177898398,20.38333333333334
5,88.05,21.26614462529026,7.351747555141805,20.38333333333334
5,88.06666666666666,21.38845593255291,7.344656142328358,20.38333333333334
5,88.08333333333333,21.51089194265164,7.336743360022682,20.38333333333334
5,88.1,21.63177070834333,7.328854516796064,20.38333333333334
5,88.11666666666666,21.75707148078059,7.324450881347765,20.38333333333334
5,88.13333333333334,21.875371104239424,7.305846833478055,20.38333333333334
5,88.15,21.998104111162405,7.309133302754882,20.38333333333334
5,88.16666666666667,22.119654189169037,7.312659627297015,20.38333333333334
5,88.18333333333334,22.24463913938237,7.310010492496501,20.38333333333334
5,88.2,22.362955130256243,7.289310857325878,20.38333333333334
5,88.21666666666667,22.484120286260392,7.29120966821954,20.38333333333334
5,88.23333333333333,22.606572028445058,7.303480493338613,20.38333333333334
5,88.25,22.73048123742193,7.307980389998756,20.38333333333334
5,88.26666666666667,22.84925933924422,7.298684102260336,20.38333333333334
5,88.28333333333333,22.97206546068567,7.304725233141267,20.38333333333334
5,88.3,23.09434279409769,7.307460218292165,20.38333333333334
5,88.31666666666666,23.21690238022878,7.305923755532915,20.38333333333334
5,88.33333333333333,23.33572393449394,7.3072558990172505,20.38333333333334
5,88.35,23.45820813846552,7.331833330159622,20.38333333333334
5,88.36666666666666,23.58490019265974,7.35059890288179,20.38333333333334
5,88.38333333333334,23.70410707292316,7.339278341851753,20.38333333333334
5,88.4,23.825849813311187,7.34329842181929,20.38333333333334
5,88.41666666666667,23.94935097115494,7.356178865623029,20.38333333333334
5,88.43333333333334,24.07378301223391,7.360680268340906,20.38333333333334
5,88.45,24.192588867803924,7.354532538625826,20.38333333333334
5,88.46666666666667,24.317848795800117,7.364699479015504,20.38333333333334
5,88.48333333333333,24.44190524809344,7.355316988183156,20.38333333333334
5,88.5,24.561586063800306,7.332436575122427,20.38333333333334
5,88.51666666666667,24.683163457401037,7.3265734182857996,20.38333333333334
5,88.53333333333333,24.80696407957091,7.326135200314726,20.38333333333334
5,88.55,24.9297310156538,7.310660161465486,20.38333333333334
5,88.56666666666666,25.048239117708228,7.287992742759446,20.38333333333334
5,88.58333333333333,25.17153817352869,7.281354359422384,20.38333333333334
5,88.6,25.29256073149373,7.264658726397926,20.38333333333334
5,88.61666666666666,25.41401717983043,7.244204876172925,20.38333333333334
5,88.63333333333334,25.533633205371984,7.225374590575363,20.38333333333334
5,88.65,25.65121630506245,7.225544063732411,20.38333333333334
5,88.66666666666667,25.775504922727887,7.248641828474943,20.38333333333334
5,88.68333333333334,25.895380453679365,7.251219132212639,20.38333333333334
5,88.7,26.01750461295928,7.247792080559608,20.38333333333334
5,88.71666666666667,26.136190968943914,7.2365749027055815,20.38333333333334
5,88.73333333333333,26.256901370416752,7.237909336661559,20.38333333333334
5,88.75,26.379233177631004,7.240083609054577,20.38333333333334
5,88.76666666666667,26.498205931644705,7.232695065537012,20.38333333333334
5,88.78333333333333,26.6196825183593,7.233069231336239,20.38333333333334
5,88.8,26.738848769745985,7.2323306928888265,20.38333333333334
5,88.81666666666666,26.85997975467429,7.2370269452465985,20.38333333333334
5,88.83333333333333,26.981267530275577,7.230829171002442,20.38333333333334
5,88.85,27.102618278789517,7.205973091138975,20.38333333333334
5,88.86666666666666,27.22080235978817,7.167592846270542,20.38333333333334
5,88.88333333333334,27.339018089011372,7.1416765624958,20.38333333333334
5,88.9,27.45634464799565,7.132949849124303,20.38333333333334
5,88.91666666666667,27.57896996232737,7.132600657404695,20.38333333333334
5,88.93333333333334,27.696793331628477,7.10588376820412,20.38333333333334
5,88.95,27.812536133493225,7.080532797648601,20.38333333333334
5,88.96666666666667,27.9316031673344,7.074146279520574,20.38333333333334
5,88.98333333333333,28.0486354097242,7.066556244166463,20.38333333333334
5,89.0,28.16817735045281,7.057004604433465,20.38333333333334
5,89.01666666666667,28.28481106267073,7.03233541127425,20.38333333333334
5,89.03333333333333,28.40077007455056,7.011482117627982,20.38333333333334
5,89.05,28.517377683630965,7.003847146289174,20.38333333333334
6,107.23333333333332,12.349006548223892,8.41141133917854,20.349999999999994
6,107.25,12.490354834175095,8.42648774621004,20.349999999999994
6,107.26666666666668,12.630602575296518,8.434647875957637,20.349999999999994
6,107.28333333333332,12.77249561084029,8.433137117784673,20.349999999999994
6,107.3,12.912019604820832,8.41367838123171,20.349999999999994
6,107.31666666666666,13.052142021072967,8.390337514365294,20.349999999999994
6,107.33333333333331,13.191030909961858,8.365445915285134,20.349999999999994
6,107.35,13.329919798850748,8.346077982083857,20.349999999999994
6,107.36666666666666,13.468808687739635,8.330374344961498,20.349999999999994
6,107.38333333333334,13.607538518024072,8.312963888278711,20.349999999999994
6,107.4,13.746264946061558,8.289279275168873,20.349999999999994
6,107.41666666666669,13.884650283743408,8.257735659069269,20.349999999999994
6,107.43333333333334,14.019408793446216,8.226309737777715,20.349999999999994
6,107.45,14.157806835258052,8.21556793136338,20.349999999999994
6,107.46666666666668,14.293229301096243,8.206971181550186,20.349999999999994
6,107.48333333333332,14.430922601422369,8.20653499376463,20.349999999999994
6,107.5,14.568277657722552,8.197577746667175,20.349999999999994
6,107.51666666666668,14.704415089474187,8.17869458723589,20.349999999999994
6,107.53333333333332,14.83883050709332,8.160645475132261,20.349999999999994
6,107.55,14.975918155567587,8.151268384080613,20.349999999999994
6,107.56666666666666,15.112605677782057,8.131831749197037,20.349999999999994
6,107.58333333333331,15.246155061835086,8.10419927042565,20.349999999999994
6,107.6,15.380079836724894,8.08948815777674,20.349999999999994
6,107.61666666666666,15.517023698203978,8.083449809552702,20.349999999999994
6,107.63333333333334,15.64900293508864,8.066843488120634,20.349999999999994
6,107.65,15.784893062971053,8.057398354412483,20.349999999999994
6,107.66666666666669,15.920381306832027,8.031704879238392,20.349999999999994
6,107.68333333333334,16.05125139139824,7.993096585065941,20.349999999999994
6,107.7,16.184358959990284,7.971989923024759,20.349999999999994
6,107.71666666666668,16.31800387025913,7.959681284502321,20.349999999999994
6,107.73333333333332,16.449307593222642,7.951420643516323,20.349999999999994
6,107.75,16.582116318213913,7.958853238327016,20.349999999999994
6,107.76666666666668,16.71277711959993,7.973313195085526,20.349999999999994
6,107.78333333333332,16.848445573769176,7.988824466421795,20.349999999999994
6,107.8,16.984166543223218,7.962309909453576,20.349999999999994
6,107.81666666666666,17.114386052719382,7.892698926645941,20.349999999999994
6,107.83333333333331,17.243440940399154,7.8291613027357885,20.349999999999994
6,107.85,17.371241839876443,7.79876699125707,20.349999999999994
6,107.86666666666666,17.501374988729598,7.80476209866815,20.349999999999994
6,107.88333333333334,17.63591169556863,7.814093116413675,20.349999999999994
6,107.9,17.763313781171888,7.79460091636187,20.349999999999994
6,107.91666666666669,17.89320942543438,7.78580690375268,20.349999999999994
6,107.93333333333334,18.021285147790195,7.785436695400994,20.349999999999994
6,107.95,18.152729018513515,7.793401323782253,20.349999999999994
6,107.96666666666668,18.28434425489665,7.78160893142135,20.349999999999994
6,107.98333333333332,18.411877604536684,7.747847239267304,20.349999999999994
6,108.0,18.540818047332337,7.721945427589415,20.349999999999994
6,108.01666666666668,18.667656027702108,7.707108070071795,20.349999999999994
6,108.03333333333332,18.796740883542498,7.7105498708624065,20.349999999999994
6,108.05,18.926531142220327,7.7126361628816245,20.349999999999994
6,108.06666666666666,19.05513816545717,7.70329281436835,20.349999999999994
6,108.08333333333331,19.182365137963465,7.693228802010049,20.349999999999994
6,108.1,19.31074929866972,7.696732760569101,20.349999999999994
6,108.11666666666666,19.43754306845524,7.711609964028255,20.349999999999994
6,108.13333333333334,19.56647930902582,7.73739114463588,20.349999999999994
6,108.15,19.69955906382882,7.744752449004051,20.349999999999994
6,108.16666666666669,19.827720132195207,7.7040208761884506,20.349999999999994
6,108.18333333333334,19.953143970812743,7.652156371123763,20.349999999999994
6,108.2,20.079333770655296,7.622170571125419,20.349999999999994
6,108.21666666666668,20.20733971983521,7.61189594021863,20.349999999999994
6,108.23333333333332,20.333111755761013,7.605034350547027,20.349999999999994
6,108.25,20.461309941028585,7.604289076956867,20.349999999999994
6,108.26666666666668,20.585981118921627,7.5960663969566005,20.349999999999994
6,108.28333333333332,20.71500916844293,7.591103559617433,20.349999999999994
6,108.3,20.84041629872041,7.567970823326672,20.349999999999994
6,108.31666666666666,20.966343010036653,7.5470764041805385,20.349999999999994
6,108.33333333333331,21.08964730585166,7.536683107585312,20.349999999999994
6,108.35,21.217074805615628,7.547465565710617,20.349999999999994
6,108.36666666666666,21.34364523575206,7.551712288830083,20.349999999999994
6,108.38333333333334,21.46737754151276,7.548954255432218,20.349999999999994
6,108.4,21.596361549074956,7.550426493098187,20.349999999999994
6,108.41666666666669,21.719997682563083,7.532661519157171,20.349999999999994
6,108.43333333333334,21.84562213667589,7.524648470666545,20.349999999999994
6,108.45,21.970288897954337,7.5236124728727365,20.349999999999994
6,108.46666666666668,22.096226683433635,7.530266200082035,20.349999999999994
6,108.48333333333332,22.22254169374052,7.533188221402857,20.349999999999994
6,108.5,22.34616188984265,7.5282483871132175,20.349999999999994
6,108.51666666666668,22.47482126867736,7.524003238920724,20.349999999999994
6,108.53333333333332,22.59806472915024,7.49817139280693,20.349999999999994
6,108.55,22.72226542379077,7.482669657876115,20.349999999999994
6,108.56666666666666,22.847476967985948,7.480793970302592,20.349999999999994
6,108.58333333333331,22.970794195880867,7.487358141609548,20.349999999999994
6,108.6,23.097314148226605,7.505939570816006,20.349999999999994
6,108.61666666666666,23.22278870015708,7.515512243308427,20.349999999999994
6,108.63333333333334,23.34750889661988,7.518860585302045,20.349999999999994
6,108.65,23.47350108634784,7.522345547182367,20.349999999999994
6,108.66666666666669,23.597873202817876,7.52239707181414,20.349999999999994
6,108.68333333333334,23.72526272746812,7.525754317598706,20.349999999999994
6,108.7,23.848760948437224,7.522559273256825,20.349999999999994
6,108.71666666666668,23.97448017319812,7.535593102978205,20.349999999999994
6,108.73333333333332,24.09934015792206,7.556359262039015,20.349999999999994
6,108.75,24.22800404011484,7.578413136942848,20.349999999999994
6,108.76666666666668,24.35322064080585,7.577278985088151,20.349999999999994
6,108.78333333333332,24.480670516123947,7.567823861605603,20.349999999999994
6,108.8,24.60552989210728,7.547049278362719,20.349999999999994
6,108.81666666666666,24.72922668360561,7.533866953506619,20.349999999999994
6,108.83333333333331,24.857508462469387,7.531879719662282,20.349999999999994
6,108.85,24.98134403831564,7.513553955597781,20.349999999999994
6,108.86666666666666,25.107021182843965,7.49724145931987,20.349999999999994
6,108.88333333333334,25.230954519623225,7.478228982934831,20.349999999999994
6,108.9,25.356814857831115,7.46351765104261,20.349999999999994
6,108.91666666666669,25.478902598588725,7.448551287382457,20.349999999999994
6,108.93333333333334,25.602869152265143,7.4532360878599215,20.349999999999994
6,108.95,25.72878111214256,7.463205847211274,20.349999999999994
6,108.96666666666668,25.853236828424368,7.459976755120184,20.349999999999994
6,108.98333333333332,25.97651848473467,7.4502944047496245,20.349999999999994
6,109.0,26.101534676911516,7.443107416481644,20.349999999999994
6,109.01666666666668,26.22444879090794,7.432621667807193,20.349999999999994
7,127.65,12.534977894561225,8.495994320545458,20.416666666666686
7,127.66666666666669,12.676551054165898,8.509365446933609,20.416666666666686
7,127.68333333333334,12.822071868891896,8.5162918832795,20.416666666666686
7,127.7,12.96272825741235,8.489255579802569,20.416666666666686
7,127.71666666666668,13.102397211766007,8.460448566667578,20.416666666666686
7,127.73333333333332,13.242017842518775,8.448209549122213,20.416666666666686
7,127.75,13.38375000835522,8.44856861077453,20.416666666666686
7,127.76666666666668,13.52604224031186,8.4378413833889,20.416666666666686
7,127.78333333333332,13.665545916957926,8.407721642178004,20.416666666666686
7,127.8,13.804517406800166,8.377595566795605,20.416666666666686
7,127.81666666666666,13.943732302792052,8.356432382524716,20.416666666666686
7,127.83333333333331,14.08253858650148,8.342282942419672,20.416666666666686
7,127.85,14.221589210973285,8.332215139176151,20.416666666666686
7,127.86666666666666,14.360480650875138,8.319434070441337,20.416666666666686
7,127.88333333333334,14.499564147480813,8.300151064446988,20.416666666666686
7,127.9,14.637296043363037,8.274480853017364,20.416666666666686
7,127.91666666666669,14.773576901119588,8.254998972901884,20.416666666666686
7,127.93333333333334,14.9112182608382,8.251345622989861,20.416666666666686
7,127.95,15.0501054746627,8.251453376241479,20.416666666666686
7,127.96666666666668,15.18587047159732,8.245236994461834,20.416666666666686
7,127.98333333333332,15.32376718574635,8.24532775456239,20.416666666666686
7,128.0,15.460976350996493,8.236763247310057,20.416666666666686
7,128.01666666666668,15.59844422250566,8.212490841104898,20.416666666666686
7,128.03333333333333,15.738877871922762,8.164287536810889,20.416666666666686
7,128.05,15.867141209126377,8.093814040113807,20.416666666666686
7,128.06666666666666,16.003487502559924,8.075434312250147,20.416666666666686
7,128.08333333333334,16.13704715206797,8.07295281616915,20.416666666666686
7,128.1,16.273288045130514,8.079436055408303,20.416666666666686
7,128.11666666666667,16.409182245100695,8.071457860824646,20.416666666666686
7,128.13333333333333,16.542269771712952,8.051985768690782,20.416666666666686
7,128.15,16.67511146331116,8.046819059840153,20.416666666666686
7,128.16666666666666,16.806939459884056,8.063219720659909,20.416666666666686
7,128.18333333333334,16.94583597950378,8.087250454544952,20.416666666666686
7,128.2,17.083484833004793,8.06232387908791,20.416666666666686
7,128.21666666666667,17.21148697608596,8.000336208670145,20.416666666666686
7,128.23333333333332,17.34548012789979,7.967796891082072,20.416666666666686
7,128.25,17.47707566279774,7.942268672333726,20.416666666666686
7,128.26666666666668,17.612265050349457,7.921256675980499,20.416666666666686
7,128.28333333333333,17.740885156101996,7.889339109612762,20.416666666666686
7,128.3,17.870740106430567,7.883901621125399,20.416666666666686
7,128.31666666666666,18.005884401556425,7.894515206955818,20.416666666666686
7,128.33333333333334,18.135745328661997,7.885027332040757,20.416666666666686
7,128.35,18.26651235402204,7.878769553058529,20.416666666666686
7,128.36666666666667,18.39972026240499,7.873136785099327,20.416666666666686
7,128.38333333333333,18.528736416985296,7.856427275204483,20.416666666666686
7,128.4,18.658889049066364,7.850088662515272,20.416666666666686
7,128.41666666666666,18.7935679994282,7.843496932078527,20.416666666666686
7,128.43333333333334,18.920904617393308,7.814658368985643,20.416666666666686
7,128.45,19.05063071260737,7.807479324290192,20.416666666666686
7,128.46666666666667,19.18223545807037,7.817404621049156,20.416666666666686
7,128.48333333333332,19.3096409158288,7.833236461932741,20.416666666666686
7,128.5,19.443520971103545,7.86568823673333,20.416666666666686
7,128.51666666666668,19.57308514263687,7.872998526802289,20.416666666666686
7,128.53333333333333,19.70791701353035,7.859826835170057,20.416666666666686
7,128.55,19.83752085418752,7.803291392965275,20.416666666666686
7,128.56666666666666,19.964242718317088,7.744423164226031,20.416666666666686
7,128.58333333333334,20.092845858259345,7.716736161144047,20.416666666666686
7,128.6,20.220772431628085,7.714546785059897,20.416666666666686
7,128.61666666666667,20.34853505994013,7.732019246499467,20.416666666666686
7,128.63333333333333,20.48163603626351,7.752497633964726,20.416666666666686
7,128.65,20.60812655119888,7.740920064928976,20.416666666666686
7,128.66666666666666,20.739395354751377,7.727102862576086,20.416666666666686
7,128.68333333333334,20.865042606120458,7.698781892718346,20.416666666666686
7,128.7,20.99457171278205,7.685088915980675,20.416666666666686
7,128.71666666666667,21.121320698297257,7.670726062354852,20.416666666666686
7,128.73333333333332,21.24997165362733,7.6644670653393145,20.416666666666686
7,128.75,21.376878418713726,7.656811350635598,20.416666666666686
7,128.76666666666668,21.50529071964584,7.653422307016343,20.416666666666686
7,128.78333333333333,21.631592957738967,7.648184117773205,20.416666666666686
7,128.8,21.759985681249024,7.649235427676631,20.416666666666686
7,128.81666666666666,21.887236298703325,7.645256559792855,20.416666666666686
7,128.83333333333334,22.015081702087432,7.640018870932964,20.416666666666686
7,128.85,22.14100095621952,7.634454873681518,20.416666666666686
7,128.86666666666667,22.269589290020207,7.638026359331565,20.416666666666686
7,128.88333333333333,22.39557940108229,7.6381675991723235,20.416666666666686
7,128.9,22.524264177949345,7.643777747442849,20.416666666666686
7,128.91666666666666,22.651093891071287,7.641877793552324,20.416666666666686
7,128.93333333333334,22.779123934313557,7.640963464334435,20.416666666666686
7,128.95,22.904672831198173,7.640615318812074,20.416666666666686
7,128.96666666666667,23.03359628259513,7.6517581334050995,20.416666666666686
7,128.98333333333332,23.16113324942679,7.655404985250595,20.416666666666686
7,129.0,23.28850826480903,7.65580478122254,20.416666666666686
7,129.01666666666668,23.416692692119224,7.656321155754407,20.416666666666686
7,129.03333333333333,23.543341468083067,7.656622292167546,20.416666666666686
7,129.05,23.671595743623385,7.666027683975907,20.416666666666686
7,129.06666666666666,23.7980960294058,7.677830045275342,20.416666666666686
7,129.08333333333334,23.93011778023429,7.6934413184728045,20.416666666666686
7,129.1,24.05304170395751,7.689881014692627,20.416666666666686
7,129.11666666666667,24.186305671711136,7.707464283235774,20.416666666666686
7,129.13333333333333,24.311248681513323,7.699159983386641,20.416666666666686
7,129.15,24.442486678053683,7.698040792298833,20.416666666666686
7,129.16666666666666,24.568198738781017,7.68090736594932,20.416666666666686
7,129.18333333333334,24.69788654270532,7.673515754123538,20.416666666666686
7,129.2,24.822382128065204,7.663237496736804,20.416666666666686
7,129.21666666666667,24.95234429223017,7.667375587223925,20.416666666666686
7,129.23333333333332,25.08211673397424,7.649482378390376,20.416666666666686
7,129.25,25.20709471962561,7.609319520237619,20.416666666666686
7,129.26666666666668,25.331997938081507,7.5846665556657715,20.416666666666686
7,129.28333333333333,25.45950110063518,7.58256944979003,20.416666666666686
7,129.3,25.585165781139597,7.584942892574499,20.416666666666686
7,129.31666666666666,25.713924537757965,7.592484918407917,20.416666666666686
7,129.33333333333334,25.836262712493998,7.593376074407077,20.416666666666686
7,129.35,25.967994942174982,7.612752894347353,20.416666666666686
7,129.36666666666667,26.090535117644876,7.605450333369931,20.416666666666686
7,129.38333333333333,26.222091184810125,7.607186950311274,20.416666666666686
7,129.4,26.345061230852917,7.583392242311835,20.416666666666686
7,129.41666666666666,26.472227345047745,7.578989820504348,20.416666666666686
7,129.43333333333334,26.59681920677291,7.581905999447909,20.416666666666686
7,129.45,26.72567605321801,7.594226920067292,20.416666666666686
7,129.46666666666667,26.85108219175361,7.58848501560327,20.416666666666686
7,129.48333333333332,26.979138379303397,7.57531956419228,20.416666666666686
7,129.5,27.104130959923044,7.547559126611275,20.416666666666686
7,129.51666666666668,27.22619141068775,7.528047343811089,20.416666666666686
7,129.53333333333333,27.35713477255939,7.526293156931321,20.416666666666686
7,129.55,27.47770781164879,7.49502193119779,20.416666666666686
7,129.56666666666666,27.60475813005312,7.478711163889933,20.416666666666686
7,129.58333333333334,27.729454380258552,7.449438555724431,20.416666666666686
7,129.6,27.850500922948672,7.419367988736815,20.416666666666686
7,129.61666666666667,27.975327860955534,7.409644762697406,20.416666666666686
7,129.63333333333333,28.100144658878783,7.397922121901894,20.416666666666686
7,129.65,28.220218981357597,7.384065656048103,20.416666666666686
7,129.66666666666666,28.34457470534223,7.393245431579384,20.416666666666686
7,129.68333333333334,28.46871826983333,7.400738151884271,20.416666666666686
8,148.0,12.533189217107344,8.628784222252087,20.366666666666646
8,148.01666666666668,12.677171292718848,8.636847789744456,20.366666666666646
8,148.03333333333333,12.823381597413997,8.63671050426708,20.366666666666646
8,148.05,12.967310443205015,8.609640428911653,20.366666666666646
8,148.06666666666666,13.108252618245604,8.574623446215092,20.366666666666646
8,148.08333333333334,13.250284702939386,8.55791883303587,20.366666666666646
8,148.1,13.393281133616496,8.552980786084307,20.366666666666646
8,148.11666666666667,13.53645106918289,8.543246809554045,20.366666666666646
8,148.13333333333333,13.679799300958797,8.519616027684474,20.366666666666646
8,148.15,13.819337642138848,8.486014592787146,20.366666666666646
8,148.16666666666666,13.959567717806951,8.468962429884195,20.366666666666646
8,148.18333333333334,14.102133645986669,8.463369934376704,20.366666666666646
8,148.2,14.242073323773154,8.44886298531733,20.366666666666646
8,148.21666666666667,14.38414581121846,8.430201570698184,20.366666666666646
8,148.23333333333332,14.523597667993986,8.397552100897963,20.366666666666646
8,148.25,14.662552884112408,8.367248930836002,20.366666666666646
8,148.26666666666668,14.801487888201242,8.347167180763343,20.366666666666646
8,148.28333333333333,14.940516463126192,8.336873255802598,20.366666666666646
8,148.3,15.07926566597902,8.332880886283323,20.366666666666646
8,148.31666666666666,15.218154554867908,8.333021244769121,20.366666666666646
8,148.33333333333334,15.357043443756798,8.332945620331898,20.366666666666646
8,148.35,15.495932332645683,8.328358224671563,20.366666666666646
8,148.36666666666667,15.634960907570637,8.31507829012205,20.366666666666646
8,148.38333333333333,15.773419205307718,8.290342450685701,20.366666666666646
8,148.4,15.9107228641922,8.25875677210712,20.366666666666646
8,148.41666666666666,16.047605257814656,8.22971071311345,20.366666666666646
8,148.43333333333334,16.184952180306315,8.206843820455457,20.366666666666646
8,148.45,16.319889625187827,8.189195598948272,20.366666666666646
8,148.46666666666667,16.45764552505007,8.185224814492328,20.366666666666646
8,148.48333333333332,16.59454458651694,8.177544960633682,20.366666666666646
8,148.5,16.727464108572192,8.17106515110024,20.366666666666646
8,148.51666666666668,16.865586419753082,8.18076682751875,20.366666666666646
8,148.53333333333333,17.004433900175147,8.16723775066335,20.366666666666646
8,148.55,17.138338974083204,8.120665357912644,20.366666666666646
8,148.56666666666666,17.272334714472457,8.076696182737408,20.366666666666646
8,148.58333333333334,17.406783652415697,8.046998354041,20.366666666666646
8,148.6,17.539022660910625,8.03297046807775,20.366666666666646
8,148.61666666666667,17.673108976664988,8.041523089656938,20.366666666666646
8,148.63333333333333,17.80848046982445,8.052145804438476,20.366666666666646
8,148.65,17.94334461204429,8.04539593563748,20.366666666666646
8,148.66666666666666,18.077692261529688,8.021322891987374,20.366666666666646
8,148.68333333333334,18.20838150404434,7.992841713040841,20.366666666666646
8,148.7,18.341545702709237,7.983850491506475,20.366666666666646
8,148.71666666666667,18.476226280200184,7.97620899614241,20.366666666666646
8,148.73333333333332,18.608985954529405,7.953416474619976,20.366666666666646
8,148.75,18.740084475163894,7.928022597393888,20.366666666666646
8,148.76666666666668,18.871868680821624,7.91596745295893,20.366666666666646
8,148.78333333333333,19.004303734376197,7.915945051087216,20.366666666666646
8,148.8,19.135299411343325,7.924144917121924,20.366666666666646
8,148.81666666666666,19.26885862262169,7.945134253726903,20.366666666666646
8,148.83333333333334,19.399376014052184,7.9656521524896675,20.366666666666646
8,148.85,19.533176097486223,7.991417321763267,20.366666666666646
8,148.86666666666667,19.669949749598334,7.99074815829955,20.366666666666646
8,148.88333333333333,19.80202245001948,7.942084637603797,20.366666666666646
8,148.9,19.93140659960289,7.883840308162865,20.366666666666646
8,148.91666666666666,20.061444832949483,7.84946001558556,20.366666666666646
8,148.93333333333334,20.191888087351,7.838863403247624,20.366666666666646
8,148.95,20.324249363130303,7.8388878846642775,20.366666666666646
8,148.96666666666667,20.453252509223493,7.832881870242076,20.366666666666646
8,148.98333333333332,20.58458924880493,7.832820482068362,20.366666666666646
8,149.0,20.716344708370915,7.824923105418782,20.366666666666646
8,149.01666666666668,20.843825862140136,7.808523049149581,20.366666666666646
8,149.03333333333333,20.97652713598446,7.805354030813207,20.366666666666646
8,149.05,21.104868306996057,7.7927542763248985,20.366666666666646
8,149.06666666666666,21.23386390944728,7.791607290238559,20.366666666666646
8,149.08333333333334,21.365573344526396,7.7971238104540515,20.366666666666646
8,149.1,21.49576088407521,7.790196576293956,20.366666666666646
8,149.11666666666667,21.622188722972005,7.780941931598197,20.366666666666646
8,149.13333333333333,21.756654650516428,7.785343565177133,20.366666666666646
8,149.15,21.882432914459702,7.765120795984638,20.366666666666646
8,149.16666666666666,22.013289195931684,7.760493063881489,20.366666666666646
8,149.18333333333334,22.143263512344685,7.751073108004597,20.366666666666646
8,149.2,22.27017180931492,7.74169904411163,20.366666666666646
8,149.21666666666667,22.400169702559975,7.750316057047837,20.366666666666646
8,149.23333333333332,22.52921031426269,7.759540886317273,20.366666666666646
8,149.25,22.660314882604396,7.7657803630489175,20.366666666666646
8,149.26666666666668,22.787769721485304,7.760745946878701,20.366666666666646
8,149.28333333333333,22.91794949102313,7.764026381530992,20.366666666666646
8,149.3,23.04768219629755,7.763640549256662,20.366666666666646
8,149.31666666666666,23.176233374249072,7.760578045306531,20.366666666666646
8,149.33333333333334,23.30710922055869,7.761544746063044,20.366666666666646
8,149.35,23.433890960311537,7.760051214385259,20.366666666666646
8,149.36666666666667,23.56504378262791,7.774832714436245,20.366666666666646
8,149.38333333333333,23.69549343343808,7.782129521945626,20.366666666666646
8,149.4,23.82427287981426,7.784479877314932,20.366666666666646
8,149.41666666666666,23.952613313238174,7.796770124236601,20.366666666666646
8,149.43333333333334,24.085463685116107,7.817728051697389,20.366666666666646
8,149.45,24.215323624305967,7.819462548464728,20.366666666666646
8,149.46666666666667,24.344736150968952,7.816705705213057,20.366666666666646
8,149.48333333333332,24.47573152414173,7.816353096253978,20.366666666666646
8,149.5,24.60521018351111,7.810973964359887,20.366666666666646
8,149.51666666666668,24.7367682358309,7.805139504191435,20.366666666666646
8,149.53333333333333,24.86341924949259,7.791618940664722,20.366666666666646
8,149.55,24.997071138506207,7.787763681325284,20.366666666666646
8,149.56666666666666,25.125690035745137,7.7575580750294755,20.366666666666646
8,149.58333333333334,25.25280444338444,7.729020379294698,20.366666666666646
8,149.6,25.382467751876224,7.718939895809337,20.366666666666646
8,149.61666666666667,25.50943717235028,7.715872884494213,20.366666666666646
8,149.63333333333333,25.640024034490185,7.7254511949265545,20.366666666666646
8,149.65,25.76863687704212,7.72606060654638,20.366666666666646
8,149.66666666666666,25.896114968722603,7.726077174856915,20.366666666666646
8,149.68333333333334,26.026249436640008,7.732001833511737,20.366666666666646
8,149.7,26.15476257851332,7.728423698258691,20.366666666666646
8,149.71666666666667,26.284214804517944,7.721280555664864,20.366666666666646
8,149.73333333333332,26.41104467229139,7.711488535611635,20.366666666666646
8,149.75,26.54177599353683,7.712449158535536,20.366666666666646
8,149.76666666666668,26.666726622036716,7.709829146374735,20.366666666666646
8,149.78333333333333,26.7974386777997,7.725675990994403,20.366666666666646
8,149.8,26.92778150908656,7.72248458374429,20.366666666666646
8,149.81666666666666,27.05457347538162,7.695923731569213,20.366666666666646
8,149.83333333333334,27.183282974134087,7.668587124667992,20.366666666666646
8,149.85,27.30957067346788,7.638596227569415,20.366666666666646
8,149.86666666666667,27.43618852734912,7.618957462753447,20.366666666666646
8,149.88333333333333,27.56378369890029,7.604894823934508,20.366666666666646
8,149.9,27.690058284194087,7.586450411277454,20.366666666666646
8,149.91666666666666,27.81647639051384,7.5678421103201785,20.366666666666646
8,149.93333333333334,27.94114479796148,7.550637662997949,20.366666666666646
8,149.95,28.06818215509778,7.541011571348422,20.366666666666646
8,149.96666666666667,28.192839205526084,7.525424697977388,20.366666666666646
8,149.98333333333332,28.319158101049595,7.5125617138361465,20.366666666666646
8,150.0,28.442432546860527,7.498822785834603,20.366666666666646
9,168.55,12.534963023006794,8.672638703082116,20.55000000000001
9,168.56666666666666,12.682490021751878,8.677422868022504,20.55000000000001
9,168.58333333333334,12.824604200269151,8.662254586945885,20.55000000000001
9,168.6,12.97069986878795,8.649528571637498,20.55000000000001
9,168.61666666666667,13.113024547904477,8.624086828275688,20.55000000000001
9,168.63333333333333,13.256907880645048,8.602993275702769,20.55000000000001
9,168.65,13.400398335092415,8.579851666063513,20.55000000000001
9,168.66666666666666,13.542239324259029,8.556549039537405,20.55000000000001
9,168.68333333333334,13.684025981793562,8.54326296453269,20.55000000000001
9,168.7,13.82794728389722,8.537294559381769,20.55000000000001
9,168.71666666666667,13.96844927277779,8.525972283524826,20.55000000000001
9,168.73333333333332,14.109244806790857,8.523859150055825,20.55000000000001
9,168.75,14.255346707874638,8.518820737995021,20.55000000000001
9,168.76666666666668,14.395379162922309,8.477635851452233,20.55000000000001
9,168.78333333333333,14.534641002849824,8.435744041887705,20.55000000000001
9,168.8,14.675035676806566,8.40756213039633,20.55000000000001
9,168.81666666666666,14.815321620200878,8.385288247322036,20.55000000000001
9,168.83333333333334,14.954352447995252,8.365606972096476,20.55000000000001
9,168.85,15.0933365999515,8.354036819485449,20.55000000000001
9,168.86666666666667,15.232633940829729,8.349532083876975,20.55000000000001
9,168.88333333333333,15.371896131054951,8.34682918727998,20.55000000000001
9,168.9,15.510858576750207,8.343007435603843,20.55000000000001
9,168.91666666666666,15.649747465639097,8.337617945683922,20.55000000000001
9,168.93333333333334,15.78887902156186,8.328742917969592,20.55000000000001
9,168.95,15.92735896614119,8.313291350593998,20.55000000000001
9,168.96666666666667,16.065245711079044,8.2934408027775,20.55000000000001
9,168.98333333333332,16.20367531745841,8.270165043133002,20.55000000000001
9,169.0,16.341375917706166,8.238803937847385,20.55000000000001
9,169.01666666666668,16.478565972326688,8.204619770802065,20.55000000000001
9,169.03333333333333,16.613069691498147,8.179300565507832,20.55000000000001
9,169.05,16.747880882089817,8.181932178800766,20.55000000000001
9,169.06666666666666,16.88615736235749,8.201397129478755,20.55000000000001
9,169.08333333333334,17.025250296232244,8.200555142038251,20.55000000000001
9,169.1,17.161552590351683,8.168792779628237,20.55000000000001
9,169.11666666666667,17.292616404931323,8.135786019780955,20.55000000000001
9,169.13333333333333,17.430824389996285,8.133773990379048,20.55000000000001
9,169.15,17.566442620780144,8.119511228560192,20.55000000000001
9,169.16666666666666,17.70255507974366,8.093686246371979,20.55000000000001
9,169.18333333333334,17.833898440703734,8.062017902466065,20.55000000000001
9,169.2,17.970064832672755,8.050482979524372,20.55000000000001
9,169.21666666666667,18.10262767184225,8.034599391885443,20.55000000000001
9,169.23333333333332,18.238460865896045,8.023182190772728,20.55000000000001
9,169.25,18.36966532480305,8.002499315753814,20.55000000000001
9,169.26666666666668,18.504553365139376,7.994151456812327,20.55000000000001
9,169.28333333333333,18.635676484300067,7.983489032637522,20.55000000000001
9,169.3,18.771413801027546,7.983382629179942,20.55000000000001
9,169.31666666666666,18.90134669819664,7.9744747772738585,20.55000000000001
9,169.33333333333334,19.03709815838785,7.98208390542882,20.55000000000001
9,169.35,19.16800147897203,7.981988099143267,20.55000000000001
9,169.36666666666667,19.302872528810923,7.995177954829909,20.55000000000001
9,169.38333333333333,19.433005878640625,8.00723320988042,20.55000000000001
9,169.4,19.5683759080892,8.030637712611018,20.55000000000001
9,169.41666666666666,19.706116715202096,8.022553026915265,20.55000000000001
9,169.43333333333334,19.83791747870669,7.965558041410391,20.55000000000001
9,169.45,19.966120378045535,7.909468153256962,20.55000000000001
9,169.46666666666667,20.09879707060716,7.888044615053967,20.55000000000001
9,169.48333333333332,20.23136345316002,7.874719283432764,20.55000000000001
9,169.5,20.360074382932847,7.863149400192618,20.55000000000001
9,169.51666666666668,20.492751267098587,7.868962355569169,20.55000000000001
9,169.53333333333333,20.624785746346348,7.868711837751538,20.55000000000001
9,169.55,20.753394311788387,7.864479099339719,20.55000000000001
9,169.56666666666666,20.886319785715237,7.873143048833203,20.55000000000001
9,169.58333333333334,21.01831760361373,7.8704648429118915,20.55000000000001
9,169.6,21.14684695811723,7.8606275111355455,20.55000000000001
9,169.61666666666667,21.27987425623326,7.8615754742222075,20.55000000000001
9,169.63333333333333,21.411452727798917,7.849923632930763,20.55000000000001
9,169.65,21.539712994953494,7.835616303290295,20.55000000000001
9,169.66666666666666,21.669590068945475,7.840973455736043,20.55000000000001
9,169.68333333333334,21.804611515390267,7.849450341937751,20.55000000000001
9,169.7,21.932296390863478,7.831167042834527,20.55000000000001
9,169.71666666666667,22.061821809299623,7.82615565884615,20.55000000000001
9,169.73333333333332,22.19544078868512,7.827182425813028,20.55000000000001
9,169.75,22.32317144031146,7.811742419209982,20.55000000000001
9,169.76666666666668,22.454002701137817,7.810312018703102,20.55000000000001
9,169.78333333333333,22.58367019552483,7.812188956204561,20.55000000000001
9,169.8,22.71432005958285,7.817552492212247,20.55000000000001
9,169.81666666666666,22.846428002641456,7.817716873288721,20.55000000000001
9,169.83333333333334,22.97389877540169,7.810027223487409,20.55000000000001
9,169.85,23.103936091195504,7.822076237388186,20.55000000000001
9,169.86666666666667,23.238327890914917,7.836293965030486,20.55000000000001
9,169.88333333333333,23.36493689742869,7.829653573483551,20.55000000000001
9,169.9,23.496615457324552,7.84248276211721,20.55000000000001
9,169.91666666666666,23.630274813419824,7.850218413829587,20.55000000000001
9,169.93333333333334,23.756709626203225,7.844369615361919,20.55000000000001
9,169.95,23.88913028809686,7.863472055072162,20.55000000000001
9,169.96666666666667,24.023369495934567,7.87456060800545,20.55000000000001
9,169.98333333333332,24.150449146517055,7.867183950316307,20.55000000000001
9,170.0,24.282733162961097,7.880867601590689,20.55000000000001
9,170.01666666666668,24.41715315295573,7.887800269619513,20.55000000000001
9,170.03333333333333,24.54460343328339,7.875878543805978,20.55000000000001
9,170.05,24.676854974985027,7.882166239420557,20.55000000000001
9,170.06666666666666,24.810684000498814,7.880047840929319,20.55000000000001
9,170.08333333333334,24.939046564860707,7.85772850206032,20.55000000000001
9,170.1,25.07000807174054,7.845325142006567,20.55000000000001
9,170.11666666666667,25.203200077595724,7.829052872475842,20.55000000000001
9,170.13333333333333,25.329891457452973,7.798772744762446,20.55000000000001
9,170.15,25.46075630544615,7.789429437717804,20.55000000000001
9,170.16666666666666,25.5918295904538,7.781696106721928,20.55000000000001
9,170.18333333333334,25.71919353597128,7.772891420779652,20.55000000000001
9,170.2,25.84956591223792,7.783489248715541,20.55000000000001
9,170.21666666666667,25.979285289065757,7.797662460984737,20.55000000000001
9,170.23333333333332,26.110162762902505,7.810424198178819,20.55000000000001
9,170.25,26.24173286329264,7.812748324244633,20.55000000000001
9,170.26666666666668,26.368610006686247,7.807207894705112,20.55000000000001
9,170.28333333333333,26.50124379221739,7.8189633936154115,20.55000000000001
9,170.3,26.63133264742549,7.819542947835969,20.55000000000001
9,170.31666666666666,26.759146305134028,7.818585923984867,20.55000000000001
9,170.33333333333334,26.893822358660515,7.822184852672327,20.55000000000001
9,170.35,27.02080279313466,7.7942169209083705,20.55000000000001
9,170.36666666666667,27.15092559503129,7.770901568094279,20.55000000000001
9,170.38333333333333,27.28182596788207,7.740242150329721,20.55000000000001
9,170.4,27.40730480806973,7.699336825466866,20.55000000000001
9,170.41666666666666,27.53714223524896,7.676826993638931,20.55000000000001
9,170.43333333333334,27.662635225296064,7.654223635634326,20.55000000000001
9,170.45,27.79239350976436,7.645088054820647,20.55000000000001
9,170.46666666666667,27.91729319763541,7.628290417259307,20.55000000000001
9,170.48333333333332,28.0465446953192,7.621719809205651,20.55000000000001
9,170.5,28.17178627638945,7.605661989955893,20.55000000000001
9,170.51666666666668,28.29944986593121,7.597429955863876,20.55000000000001
9,170.53333333333333,28.42484448016192,7.588588587169963,20.55000000000001
10,188.95,12.538235791526148,8.775992658403531,20.39999999999995
10,188.96666666666667,12.684651367835295,8.778940881134224,20.39999999999995
10,188.9833333333333,12.8314886568842,8.776258950593563,20.39999999999995
10,189.0,12.976950557562844,8.763314546687225,20.39999999999995
10,189.01666666666668,13.123545450738268,8.744869685672134,20.39999999999995
10,189.03333333333333,13.269151189750575,8.71584306137092,20.39999999999995
10,189.05,13.412730579967068,8.685215699247662,20.39999999999995
10,189.06666666666663,13.556434390092646,8.667709952703191,20.39999999999995
10,189.08333333333331,13.701840678689786,8.658468965134025,20.39999999999995
10,189.1,13.846682858374358,8.639962918754463,20.39999999999995
10,189.11666666666667,13.989769120848075,8.613038990614363,20.39999999999995
10,189.13333333333333,14.131695425541476,8.592518075482928,20.39999999999995
10,189.15,14.274871563881227,8.585532648090707,20.39999999999995
10,189.16666666666663,14.419468613797704,8.577809809313703,20.39999999999995
10,189.1833333333333,14.560712301444548,8.556488649511543,20.39999999999995
10,189.2,14.70409384897006,8.535931173547473,20.39999999999995
10,189.21666666666667,14.845632001315307,8.507751248382801,20.39999999999995
10,189.2333333333333,14.987011622008117,8.482208960589533,20.39999999999995
10,189.25,15.126909210536825,8.465202533185625,20.39999999999995
10,189.26666666666668,15.268986384517708,8.462857846569175,20.39999999999995
10,189.28333333333333,15.40805932856693,8.46142229814051,20.39999999999995
10,189.3,15.55216501897902,8.464329170372306,20.39999999999995
10,189.31666666666663,15.691835136309525,8.44251811519999,20.39999999999995
10,189.33333333333331,15.831701652304876,8.417474972392109,20.39999999999995
10,189.35,15.972315888858914,8.393360865998238,20.39999999999995
10,189.36666666666667,16.111259720823544,8.367254721315998,20.39999999999995
10,189.38333333333333,16.25031009045151,8.348319768370285,20.39999999999995
10,189.4,16.389114080814014,8.33724899065209,20.39999999999995
10,189.41666666666663,16.52784563405236,8.33323958862329,20.39999999999995
10,189.4333333333333,16.666563025696966,8.333001655958608,20.39999999999995
10,189.45,16.805407786362544,8.330625597358505,20.39999999999995
10,189.46666666666667,16.944648845860517,8.317384560985257,20.39999999999995
10,189.4833333333333,17.084483603571925,8.284633335733723,20.39999999999995
10,189.5,17.22070598251667,8.234025713274416,20.39999999999995
10,189.51666666666668,17.354985088364142,8.196540815056633,20.39999999999995
10,189.53333333333333,17.49308140434173,8.186273268255976,20.39999999999995
10,189.55,17.629124308766247,8.178473097619248,20.39999999999995
10,189.56666666666663,17.765344863373908,8.175997353199342,20.39999999999995
10,189.58333333333331,17.900997489543638,8.177319998673878,20.39999999999995
10,189.6,18.037758680150628,8.180137381591466,20.39999999999995
10,189.61666666666667,18.1752904035878,8.17155704410902,20.39999999999995
10,189.63333333333333,18.310236728045897,8.14580200371145,20.39999999999995
10,189.65,18.4460921182698,8.119382964370956,20.39999999999995
10,189.66666666666663,18.57996550862102,8.095178443000213,20.39999999999995
10,189.6833333333333,18.71439601466298,8.084988050948155,20.39999999999995
10,189.7,18.849191954475973,8.083142270262488,20.39999999999995
10,189.71666666666667,18.985915887763657,8.078637188994682,20.39999999999995
10,189.7333333333333,19.11950845130382,8.061740921848346,20.39999999999995
10,189.75,19.25280110373036,8.057437372688959,20.39999999999995
10,189.76666666666668,19.385672697513904,8.077870042003736,20.39999999999995
10,189.78333333333333,19.520605247810312,8.118538186338741,20.39999999999995
10,189.8,19.660193509346986,8.145584891312973,20.39999999999995
10,189.81666666666663,19.79637446189506,8.118905193576786,20.39999999999995
10,189.83333333333331,19.9294922777891,8.062208209824432,20.39999999999995
10,189.85,20.061833344284555,8.013685577723544,20.39999999999995
10,189.86666666666667,20.193469139781943,7.9906190982071355,20.39999999999995
10,189.88333333333333,20.328728535247837,7.989886022759294,20.39999999999995
10,189.9,20.4616493366,7.9827177223940184,20.39999999999995
10,189.91666666666663,20.594599502383748,7.975229949090017,20.39999999999995
10,189.9333333333333,20.725984086186514,7.971571698923364,20.39999999999995
10,189.95,20.860344066485712,7.97633494575778,20.39999999999995
10,189.96666666666667,20.993822428249207,7.969461781823873,20.39999999999995
10,189.9833333333333,21.12567529911067,7.954582914339814,20.39999999999995
10,190.0,21.25764858258465,7.946295773184326,20.39999999999995
10,190.01666666666668,21.390431434590745,7.947149175313987,20.39999999999995
10,190.03333333333333,21.52153324577908,7.951928875855843,20.39999999999995
10,190.05,21.65684642819797,7.960857498718832,20.39999999999995
10,190.06666666666663,21.788136560612717,7.950368538854511,20.39999999999995
10,190.08333333333331,21.92093293433203,7.940711803726804,20.39999999999995
10,190.1,22.05230667089985,7.931961358594164,20.39999999999995
10,190.11666666666667,22.184749704495243,7.931721927465905,20.39999999999995
10,190.13333333333333,22.31627290381972,7.933778444939806,20.39999999999995
10,190.15,22.45057188080381,7.936023665079317,20.39999999999995
10,190.16666666666663,22.58166727142582,7.924567337122849,20.39999999999995
10,190.1833333333333,22.713337834776176,7.919448449342781,20.39999999999995
10,190.2,22.844738662814187,7.924449687151756,20.39999999999995
10,190.21666666666667,22.9779135835532,7.93786940836257,20.39999999999995
10,190.2333333333333,23.11034124123052,7.946712789123188,20.39999999999995
10,190.25,23.243461691724068,7.952643854056974,20.39999999999995
10,190.26666666666668,23.37379703513292,7.957159495543778,20.39999999999995
10,190.28333333333333,23.50928065143213,7.971323103949052,20.39999999999995
10,190.3,23.64223752053098,7.968145991092325,20.39999999999995
10,190.31666666666663,23.773019898976056,7.964432062035224,20.39999999999995
10,190.33333333333331,23.905776986269508,7.97940310295032,20.39999999999995
10,190.35,24.04043888083621,7.999790433305732,20.39999999999995
10,190.36666666666667,24.17414606795773,8.008552634062905,20.39999999999995
10,190.38333333333333,24.305962490521388,8.010663344249261,20.39999999999995
10,190.4,24.44150584394786,8.014840038776459,20.39999999999995
10,190.41666666666663,24.574756506421743,8.001735669857242,20.39999999999995
10,190.4333333333333,24.707340208697307,7.984793877742123,20.39999999999995
10,190.45,24.838174231313957,7.975577527009387,20.39999999999995
10,190.46666666666667,24.973961950360653,7.977415956568227,20.39999999999995
10,190.4833333333333,25.10609320433326,7.958640421030486,20.39999999999995
10,190.5,25.23894345023022,7.93454918700211,20.39999999999995
10,190.51666666666668,25.36932242511962,7.912109967286281,20.39999999999995
10,190.53333333333333,25.500793582463636,7.908559253400925,20.39999999999995
10,190.55,25.63456569417844,7.916155863844928,20.39999999999995
10,190.56666666666663,25.7629456005096,7.921688740013427,20.39999999999995
10,190.58333333333331,25.89966029888147,7.942233759224445,20.39999999999995
10,190.6,26.03033001582712,7.93439678727151,20.39999999999995
10,190.61666666666667,26.162046024047587,7.927069076658903,20.39999999999995
10,190.63333333333333,26.29444974507437,7.922577476587015,20.39999999999995
10,190.65,26.427022449686003,7.917004533103472,20.39999999999995
10,190.66666666666663,26.55785719461902,7.91241486089987,20.39999999999995
10,190.6833333333333,26.68905489773168,7.9216295012277,20.39999999999995
10,190.7,26.821807196286805,7.939155631560905,20.39999999999995
10,190.71666666666667,26.955560326673503,7.9465888657004475,20.39999999999995
10,190.7333333333333,27.08765053396955,7.932473039159945,20.39999999999995
10,190.75,27.21921213771704,7.9071938785492435,20.39999999999995
10,190.76666666666668,27.349788481971625,7.878796844246025,20.39999999999995
10,190.78333333333333,27.48156591241697,7.851389527017138,20.39999999999995
10,190.8,27.612211813185,7.817344726300682,20.39999999999995
10,190.81666666666663,27.740859771461015,7.784323933793388,20.39999999999995
10,190.83333333333331,27.870016026243217,7.76642847224921,20.39999999999995
10,190.85,27.999554490739914,7.758936561671928,20.39999999999995
10,190.86666666666667,28.129843555381846,7.7529198960057695,20.39999999999995
10,190.88333333333333,28.25723499440867,7.742693979762568,20.39999999999995
10,190.9,28.38818783279849,7.740447010419708,20.39999999999995
10,190.91666666666663,28.515428308107325,7.730749536727071,20.39999999999995
